net,length_um
net188,794.34µm
net370,746.81µm
net176,737.19µm
net180,734.71µm
net378,720.12µm
net164,716.85µm
net508,685.69µm
_1368_,622.12µm
_0613_,602.84µm
net415,585.19µm
net193,582.09µm
net192,581.35µm
_1606_,559.43µm
net156,553.8µm
net322,549.155µm
net165,544.87µm
clknet_0_clk,543.33µm
net320,540.895µm
_1152_,536.74µm
net350,535.81µm
_1149_,532.94µm
_0604_,532.5µm
net214,532.18µm
_1151_,528.7µm
net206,522.96µm
net173,517.04µm
net330,515.83µm
net371,514.34µm
_1296_,511.405µm
net178,509.44µm
net161,508.48µm
net401,502.75µm
_1300_,500µm
_1611_,497.67µm
net154,492.42µm
net292,491.99µm
net299,486.92µm
_1299_,484.51µm
net282,483µm
net181,482.9µm
net153,482.1µm
net177,481.81µm
_1221_,481.76µm
net169,481.69µm
_1301_,480.54µm
net483,478.955µm
net162,477.55µm
net489,471.535µm
net248,470.86µm
net270,468.08µm
net174,467.28µm
net422,466.51µm
net157,464.18µm
net542,462.12µm
net491,461.295µm
net368,459.65µm
net390,459.07µm
net220,457.8µm
net394,456.81µm
net189,453.75µm
net435,453.52µm
net185,452.34µm
_1511_,451.39µm
net351,449.525µm
_1008_,447.81µm
_1639_,445.21µm
net367,444.57µm
net493,444.51µm
net186,442.33µm
net497,441.72µm
net195,440.41µm
net288,438.315µm
net375,437.24µm
net190,435.225µm
net463,435.2µm
net376,434.57µm
_2114_,433.1µm
net388,427.46µm
net505,425.445µm
net207,422.42µm
net355,420.25µm
_0789_,420.14µm
net261,419.16µm
net228,416.26µm
net455,411.8µm
net528,411.13µm
net314,410.41µm
_1072_,410.355µm
_1600_,409.975µm
_1635_,408.2µm
_2111_,407.31µm
net476,403.365µm
_2049_,402.46µm
net472,400.92µm
net353,393.96µm
net199,392.57µm
net326,389µm
net520,387.745µm
net268,387.41µm
_2047_,385.86µm
net357,384.995µm
_0605_,383.69µm
net310,383.31µm
net558,382.31µm
_0783_,382.185µm
net389,376.88µm
net437,374.38µm
_0868_,371.7µm
net517,369.57µm
_0787_,369.35µm
net271,368.885µm
net414,368.81µm
net487,365.795µm
net315,365.535µm
net312,362.56µm
net386,359.77µm
net317,359.58µm
net240,359.43µm
_1616_,358.99µm
_0936_,356.98µm
net183,356.6µm
_1442_,356.13µm
net495,355.63µm
net373,354.885µm
net533,354.3µm
net500,353.31µm
_1435_,352.21µm
net204,351.78µm
net284,351.45µm
net257,350.93µm
net247,349.57µm
net159,348.69µm
net291,347.72µm
_2045_,346.3µm
net209,345.84µm
net363,345.2µm
net215,344.59µm
net306,344.5µm
net419,343.71µm
net243,340.865µm
_2112_,340.53µm
net428,339.235µm
net278,339.015µm
net241,338.96µm
net409,338.935µm
net344,338.8µm
net519,338.63µm
net502,338.19µm
_1440_,336.23µm
net167,336.2µm
net446,335.815µm
net245,334.72µm
net324,332.04µm
net473,331.425µm
net545,330.585µm
net233,329.35µm
net281,328.99µm
net273,328.325µm
net237,328.23µm
net417,327.1µm
net348,326.47µm
net205,325.42µm
net499,325.23µm
net325,323.19µm
net287,323.13µm
net391,321.58µm
net249,321.3µm
net362,321.08µm
_1439_,320.85µm
net253,320.72µm
net395,319.76µm
net279,317.79µm
net359,317.51µm
net201,316.54µm
net425,315.09µm
net349,314.12µm
net318,313.805µm
net275,312.76µm
_0715_,312.38µm
net293,311.83µm
net421,311.68µm
net365,311.2µm
_0869_,311.14µm
_0866_,310.91µm
net216,310.04µm
net274,309.57µm
net254,309.22µm
net202,308.79µm
_1441_,308.13µm
net225,307.31µm
net328,307.015µm
net221,304.64µm
net231,304.56µm
_0606_,303.7µm
net381,303.56µm
net387,302.61µm
net289,302.17µm
net285,299.62µm
net295,298.91µm
net277,298.51µm
_1512_,298.32µm
net346,298.03µm
net255,296.33µm
net300,296.19µm
net514,296.05µm
net309,295.84µm
net431,294.425µm
net335,293.43µm
net337,292.255µm
net259,292.02µm
net297,292.02µm
_0631_,291.69µm
net399,291.33µm
net210,291.18µm
net397,290.51µm
net383,289.81µm
net479,289.05µm
net393,288.92µm
net331,288.33µm
net441,287.06µm
net265,285.12µm
net513,284.565µm
_1643_,284.08µm
net458,283µm
net522,281.63µm
net429,281.295µm
net379,281.11µm
net229,281.03µm
net511,280.97µm
net385,280.77µm
net327,280.24µm
net333,279.8µm
net218,279.37µm
net506,279.28µm
net238,279.215µm
net510,278.495µm
net481,278.15µm
net171,278.08µm
net340,277.92µm
net172,277.79µm
net410,276.675µm
net304,275.96µm
net361,275.21µm
net213,274.51µm
net521,274.28µm
net406,273.05µm
net208,272.93µm
net269,269.24µm
net319,268.96µm
net263,268.88µm
net223,266.05µm
clknet_3_0__leaf_clk,265.34µm
clknet_3_3__leaf_clk,265.26µm
net272,264.83µm
net329,263.395µm
net504,261.2µm
net305,261.07µm
_1619_,260.23µm
net402,259.425µm
_0710_,259.01µm
net321,258.905µm
net301,258.78µm
clk,257.97µm
net380,257.18µm
net203,256.31µm
net548,255.315µm
net302,255.075µm
net283,252.12µm
net496,251.47µm
net197,251.04µm
clknet_3_6__leaf_clk,250.7µm
net423,248.74µm
net527,248.59µm
net382,248.57µm
net498,248.075µm
net313,247.68µm
net308,247.6µm
net323,247.48µm
net316,246.565µm
net485,246.49µm
net433,245.525µm
net196,244.75µm
net200,240.97µm
_0858_,239.685µm
net494,238.86µm
net226,238.24µm
net503,237.705µm
net339,237.25µm
net477,236.29µm
net184,235.98µm
clknet_3_4__leaf_clk,235.89µm
net354,235.795µm
net467,234.54µm
net342,234.12µm
net518,233.78µm
net235,230.34µm
_1067_,229.63µm
net358,229.07µm
clknet_3_7__leaf_clk,228.33µm
net374,228.32µm
net554,228.32µm
net168,228.22µm
net475,228µm
_0782_,227.85µm
net459,227.54µm
net408,227.32µm
net286,226.615µm
_1717_,226.52µm
net551,226.06µm
net526,225.56µm
net486,224.755µm
net515,224.07µm
net276,223.98µm
net404,221.095µm
net488,221.025µm
net536,221.02µm
net182,219.57µm
net492,217.85µm
net540,217.02µm
net280,216.34µm
net403,215.93µm
net450,215.83µm
net549,215.72µm
net250,215.65µm
net360,215.21µm
net412,213.91µm
net251,213.44µm
net442,212.8µm
_1641_,212.72µm
net246,212.66µm
net163,212.6µm
net438,212.37µm
net552,211.575µm
net468,210.08µm
_2113_,209.11µm
net160,207.94µm
net187,207.33µm
net447,207.19µm
net427,206.01µm
net484,205.9µm
net191,205.88µm
net252,205.82µm
net298,205.51µm
net546,205.36µm
net464,204.68µm
clknet_3_2__leaf_clk,204.635µm
net451,204.24µm
net482,203.835µm
net523,201.06µm
net290,200.66µm
net490,200.35µm
net352,199.73µm
net377,199.7µm
net411,199.47µm
net194,199.17µm
net170,199.16µm
net538,199.11µm
_0867_,199.07µm
net556,197.935µm
net547,197.595µm
clknet_3_5__leaf_clk,196.18µm
net369,196.13µm
net474,195.84µm
net444,194.2µm
net396,194.115µm
net392,192.24µm
net436,190.71µm
net418,190.425µm
net766,189.82µm
net158,189.78µm
net345,189.31µm
net175,188.86µm
net179,188.69µm
net432,186.905µm
net439,186.7µm
_0608_,185.5µm
net242,184.96µm
net294,184.77µm
net534,184.21µm
net531,182.94µm
net166,182.74µm
net456,182.57µm
net424,181.35µm
net509,180.85µm
net507,178.325µm
net356,177.11µm
net543,176.945µm
net416,176.16µm
net550,176.005µm
net266,175.78µm
net478,175.37µm
net466,173.96µm
net372,173.35µm
net544,173.105µm
net341,171.76µm
net230,171.57µm
net529,171.01µm
net449,170.01µm
net469,169.55µm
net711,169.18µm
net222,168.13µm
clknet_3_1__leaf_clk,167.675µm
net453,167.28µm
net461,167.24µm
_1153_,166.47µm
net155,166.15µm
net749,165.91µm
net400,165.07µm
net555,162.27µm
net338,161.47µm
net613,161.22µm
net462,159.01µm
net571,158.86µm
net641,158.405µm
net366,157.72µm
net470,157.03µm
net715,156.85µm
net296,155.89µm
net445,155.36µm
net452,155.14µm
net258,153.82µm
net384,153.68µm
net740,153.125µm
net764,152.25µm
net719,152.045µm
net262,150.22µm
net676,150.21µm
net535,150.2µm
_0864_,150.01µm
net234,149.43µm
net347,149.18µm
net480,148.34µm
net434,148.175µm
net602,147.68µm
net407,147.185µm
net575,146.96µm
net645,145.875µm
net703,144.515µm
net227,143.64µm
net457,143.36µm
net426,142.17µm
net651,142.15µm
net332,142.11µm
net343,141.85µm
net430,140.155µm
net721,139.96µm
net541,139.47µm
net648,138.665µm
net307,138.11µm
net649,137.275µm
net334,137.22µm
net524,137.14µm
net440,137.03µm
net236,136.34µm
net751,136.085µm
net553,134.945µm
net539,134.71µm
net707,134.56µm
net198,134.32µm
net669,134.28µm
net244,133.785µm
net224,133.625µm
net656,133.575µm
net733,133.545µm
net629,133.06µm
net232,132.7µm
net709,131.76µm
net615,131.12µm
net557,130.97µm
net32,130.84µm
_0862_,130.49µm
net516,128.86µm
_1588_,128.69µm
net729,128.44µm
net701,128.015µm
net754,127.915µm
net398,127.42µm
_1594_,127.34µm
net578,126.17µm
net219,126.08µm
net405,125.115µm
net530,124.99µm
net454,124.65µm
net685,124.63µm
net687,124.535µm
net413,124.26µm
clknet_leaf_57_clk,123.86µm
net737,123.565µm
net512,122.91µm
net697,122.72µm
net336,122.7µm
net256,122.5µm
net303,122.475µm
net239,121.45µm
net739,121.05µm
net758,120.625µm
net627,120.56µm
net659,119.91µm
net625,119.74µm
net565,119.6µm
net420,119.14µm
net760,119.08µm
net595,118.52µm
net635,118.095µm
net471,117.975µm
clknet_leaf_0_clk,117.82µm
net633,117.795µm
net579,116.14µm
net563,115.975µm
net631,115.895µm
net460,115.86µm
net741,115.6µm
net718,115.58µm
net657,115.56µm
net264,115.46µm
net96,115.13µm
net735,114.835µm
net762,113.25µm
net443,112.44µm
net573,112.28µm
net567,111.52µm
clknet_leaf_58_clk,111.28µm
net653,111.18µm
net699,111.045µm
net465,110.76µm
clknet_leaf_2_clk,110.65µm
net743,110.355µm
net311,110.29µm
net683,110.11µm
net691,109.59µm
net689,109.26µm
net601,108.52µm
net643,108.38µm
net591,108.2µm
net705,108.135µm
net448,107.56µm
net581,107.38µm
net673,107.28µm
net537,106.9µm
net713,106.62µm
clknet_leaf_62_clk,106.38µm
net211,106.37µm
net677,105.71µm
net637,105.41µm
_0607_,105.32µm
_1724_,105.28µm
net583,105.01µm
net44,104.95µm
net611,104.77µm
net260,104.74µm
net745,103.955µm
clknet_leaf_17_clk,103.88µm
clknet_leaf_52_clk,103.08µm
net532,102.45µm
net679,101.94µm
net585,101.9µm
net619,101.84µm
net603,101µm
net621,100.88µm
clknet_leaf_40_clk,100.56µm
net605,100.34µm
net599,100.22µm
net562,100.12µm
net675,99.755µm
clknet_leaf_38_clk,99.63µm
_0931_,99.095µm
net671,98.89µm
net364,98.44µm
net52,98.3µm
net76,98.29µm
net747,98.125µm
net700,97.71µm
clknet_leaf_50_clk,97.5µm
net639,97.25µm
_1733_,97.2µm
net91,97.05µm
net64,96.9µm
clknet_leaf_32_clk,96.83µm
net569,96.37µm
clknet_leaf_54_clk,95.84µm
net19,95.75µm
net217,95.64µm
net623,95.64µm
clknet_leaf_8_clk,95.6µm
net12,95.29µm
net6,94.83µm
clknet_leaf_41_clk,94.8µm
clknet_leaf_15_clk,94.36µm
_1218_,94.25µm
net617,94.04µm
net104,93.8µm
net67,93.42µm
tail\[1\],93.35µm
net724,93.225µm
net27,91.7µm
clknet_leaf_20_clk,91.6µm
net105,91.34µm
net695,91.31µm
net667,91.29µm
net661,91.045µm
net28,90.9µm
clknet_leaf_33_clk,90.72µm
_1372_,90.62µm
clknet_leaf_4_clk,90.59µm
net725,90.515µm
net597,90.44µm
net727,90.42µm
net607,90.265µm
net723,90.055µm
_0000_,89.87µm
net652,89.82µm
net35,89.62µm
net663,89.2µm
_1589_,88.88µm
clknet_leaf_26_clk,88.88µm
net742,88.76µm
tail\[0\],88.5µm
net704,87.16µm
net103,86.98µm
tail\[3\],86.66µm
clknet_leaf_60_clk,86.18µm
net75,86.1µm
clknet_leaf_13_clk,85.74µm
_1933_,85.68µm
net654,85.62µm
net642,85.56µm
clknet_leaf_3_clk,85.52µm
net53,85.23µm
net693,85.215µm
clknet_leaf_55_clk,84.93µm
clknet_leaf_23_clk,84.8µm
clknet_leaf_14_clk,84.66µm
net717,84.305µm
net587,84.07µm
net574,83.94µm
net83,83.76µm
net660,83.33µm
clknet_leaf_51_clk,83.22µm
clknet_leaf_9_clk,82.94µm
clknet_leaf_59_clk,82.84µm
clknet_leaf_56_clk,82.76µm
net647,82.725µm
_2023_,82.51µm
_1222_,82.2µm
net525,82.2µm
net690,82.195µm
net564,82.16µm
clknet_leaf_6_clk,82.02µm
net681,81.995µm
net589,81.55µm
_1744_,81.54µm
net686,81.425µm
net107,81.38µm
net710,81.315µm
_1866_,81.3µm
net85,80.46µm
net665,80.425µm
clknet_leaf_37_clk,80.14µm
net638,79.965µm
_0861_,79.84µm
clknet_leaf_44_clk,79.58µm
clknet_leaf_18_clk,79.4µm
_1293_,79.3µm
_0626_,79.14µm
net644,79.005µm
net1,78.94µm
net577,78.74µm
net716,78.66µm
net20,78.32µm
clknet_leaf_19_clk,78.22µm
net668,77.94µm
clknet_leaf_16_clk,77.9µm
_1366_,77.86µm
net614,77.66µm
net568,77.6µm
clknet_leaf_35_clk,77.34µm
net21,77.2µm
clknet_leaf_25_clk,77.04µm
net57,76.96µm
clknet_leaf_36_clk,76.71µm
net696,76.28µm
net60,76.24µm
net11,76.2µm
net714,76.2µm
_0587_,76.06µm
net731,75.985µm
net624,75.45µm
net630,75.425µm
net22,75.4µm
net720,74.96µm
_0001_,74.89µm
net36,74.81µm
net81,74.55µm
net706,74.52µm
_0609_,74.19µm
_1728_,74.12µm
net722,73.6µm
_1745_,73.34µm
clknet_leaf_49_clk,73.26µm
net79,73.03µm
net584,72.98µm
net608,72.88µm
net670,72.605µm
net757,72.46µm
net759,72.35µm
_1578_,72.2µm
net748,71.84µm
net49,71.82µm
_1371_,71.72µm
_0636_,71.635µm
_1743_,71.38µm
clknet_leaf_46_clk,71.22µm
clknet_leaf_43_clk,71.08µm
clknet_leaf_45_clk,71.08µm
net84,71µm
net628,70.885µm
net68,70.46µm
net680,69.96µm
net593,69.86µm
net92,69.7µm
net609,69.66µm
net59,69.6µm
clknet_leaf_31_clk,69.06µm
net594,68.78µm
_0937_,68.62µm
clknet_leaf_21_clk,68.54µm
net732,68.185µm
clknet_leaf_1_clk,68.08µm
net755,67.95µm
_1991_,67.94µm
clknet_leaf_64_clk,67.78µm
net620,67.74µm
clknet_leaf_53_clk,67.7µm
net590,67.68µm
net678,67.545µm
net559,67.42µm
net570,67.36µm
net596,67.3µm
net756,66.94µm
clknet_leaf_22_clk,66.84µm
net51,66.66µm
net572,66.62µm
net14,66.38µm
net730,66.38µm
net712,66.22µm
net646,66.2µm
_1140_,66.13µm
net8,66.1µm
net634,65.905µm
net698,65.895µm
net86,65.88µm
net267,65.66µm
net606,65.56µm
clknet_leaf_27_clk,65.54µm
net708,65.515µm
net734,65.4µm
net632,65.365µm
net728,65.21µm
net72,64.99µm
net40,64.88µm
net692,64.875µm
_1883_,64.87µm
net70,64.72µm
net55,64.575µm
net736,64.545µm
net604,64.54µm
net664,64.5µm
net31,64.44µm
_1595_,64.36µm
net576,64.11µm
_1370_,63.84µm
net592,63.62µm
net100,63.5µm
net582,63.45µm
net618,63.38µm
clknet_leaf_39_clk,62.96µm
_1864_,62.78µm
net650,62.615µm
_1979_,62.26µm
_1941_,62.16µm
net750,62.13µm
net108,61.77µm
net39,61.66µm
_1774_,61.58µm
net45,61.44µm
net43,61.1µm
net566,60.92µm
net612,60.75µm
_1769_,60.735µm
_1931_,60.46µm
tail\[2\],60.4µm
_1899_,60.3µm
clknet_leaf_63_clk,59.92µm
net99,59.9µm
net114,59.9µm
net626,59.855µm
net763,59.55µm
net17,59.32µm
_1945_,59.305µm
_1004_,58.98µm
net7,58.78µm
net640,58.63µm
net658,58.63µm
_1834_,58.61µm
net102,58.56µm
net71,58.44µm
net48,58.42µm
_1856_,58.38µm
net34,58.1µm
net746,58.095µm
_1877_,57.76µm
net111,57.65µm
net610,57.2µm
net672,57.14µm
head\[3\],56.78µm
net54,56.23µm
_0632_,55.9µm
net112,55.74µm
net726,55.66µm
clknet_leaf_34_clk,55.44µm
net38,55.22µm
net694,55.165µm
net110,55.04µm
net662,54.95µm
net26,54.42µm
net95,54.4µm
net69,54.34µm
net636,54.21µm
net561,54.14µm
net46,53.98µm
_1369_,53.84µm
clknet_leaf_11_clk,53.8µm
net622,53.78µm
_1227_,53.76µm
_1955_,53.735µm
net761,53.26µm
_0614_,53.24µm
net684,52.995µm
_1073_,52.96µm
_1950_,52.94µm
net63,52.92µm
_1857_,52.8µm
net113,52.8µm
net586,52.795µm
net13,52.63µm
net58,52.6µm
net765,52.16µm
_1875_,51.96µm
_1709_,51.36µm
net580,51.36µm
_0586_,51.28µm
net588,50.93µm
_1513_,50.82µm
net5,50.78µm
net744,50.595µm
net65,50.5µm
_1741_,50.42µm
net80,50.24µm
net666,50.14µm
_1759_,49.965µm
_2013_,49.94µm
net74,49.9µm
net47,49.84µm
_2011_,49.66µm
net77,49.48µm
net98,48.98µm
_1636_,48.88µm
net501,48.66µm
net655,48.62µm
_1920_,48.52µm
clknet_leaf_5_clk,48.38µm
net682,48.28µm
net78,47.98µm
net66,47.9µm
_1143_,47.84µm
clknet_leaf_12_clk,47.44µm
net16,47.36µm
_1069_,47.11µm
_1225_,46.82µm
_1753_,46.64µm
_1751_,46.6µm
_1142_,46.32µm
_0854_,46.16µm
net9,46.04µm
clknet_leaf_28_clk,45.94µm
net41,45.9µm
net738,45.66µm
net87,45.62µm
net90,45.46µm
_1712_,45.26µm
net702,45.175µm
clknet_leaf_61_clk,45.1µm
value0[23],45.01µm
clknet_leaf_42_clk,44.88µm
_1510_,44.84µm
net89,44.58µm
_2048_,44.4µm
net94,43.94µm
_0860_,43.89µm
_1910_,43.8µm
net88,43.56µm
_1438_,43.16µm
net674,43.14µm
_1824_,43.08µm
net752,43.04µm
_1854_,42.98µm
_1836_,42.74µm
_2000_,42.72µm
_0716_,42.62µm
_1786_,42.58µm
net598,42.58µm
net600,42.56µm
_0859_,42.24µm
_1612_,42.22µm
_1739_,42.005µm
net15,42µm
net212,41.98µm
value1[26],41.76µm
_1373_,41.36µm
net753,41.14µm
net106,41.08µm
_0624_,40.92µm
_1006_,40.88µm
_0712_,40.76µm
_1607_,40.66µm
net25,40.54µm
net101,40.47µm
out[2],40.45µm
value2[24],40.33µm
net30,40.06µm
_1848_,39.94µm
_0780_,39.86µm
net62,39.6µm
_1226_,39.52µm
_0865_,39.46µm
_1784_,39.08µm
_1228_,38.6µm
_1790_,38.4µm
clknet_leaf_10_clk,38.305µm
net10,38.28µm
net56,38.28µm
_0641_,38.24µm
clknet_leaf_7_clk,38.2µm
_1822_,38.155µm
net24,37.94µm
_1901_,37.86µm
net42,37.78µm
value1[23],37.69µm
_1888_,37.52µm
_1150_,37.28µm
net142,37.28µm
_0642_,37.14µm
clknet_leaf_29_clk,37.14µm
_1919_,37.08µm
_1993_,37.02µm
_1071_,36.84µm
_0930_,36.78µm
_1788_,36.72µm
_0002_,36.71µm
clknet_leaf_47_clk,36.52µm
_1009_,36.5µm
net37,36.18µm
net131,36.18µm
net560,35.88µm
net97,35.86µm
_1808_,35.76µm
_1617_,35.44µm
_1928_,35.38µm
_0640_,35.04µm
head\[1\],35.04µm
_1002_,34.92µm
value1[2],34.49µm
value2[2],34.27µm
_1507_,34.24µm
_1837_,34.24µm
_1001_,34.2µm
_1332_,34µm
_2064_,34µm
_1827_,33.92µm
out[1],33.67µm
_0637_,33.4µm
_1818_,33.1µm
_1846_,33µm
_2002_,33µm
_1713_,32.8µm
ready_check\[13\],32.8µm
net61,32.7µm
net688,32.515µm
clknet_leaf_24_clk,32.46µm
_1971_,32.4µm
_1816_,32.36µm
value2[30],32.34µm
_1806_,32.22µm
net616,32.21µm
_1912_,31.9µm
_1711_,31.44µm
_0258_,31.285µm
net2,31.16µm
_0584_,31.04µm
_1907_,30.96µm
net23,30.96µm
_1163_,30.9µm
_0863_,30.62µm
_0589_,30.16µm
_1010_,30.12µm
_1957_,30.1µm
_1514_,30.04µm
_0638_,29.925µm
_2004_,29.82µm
_0603_,29.6µm
net33,29.58µm
net50,29.32µm
_1847_,29.18µm
_0759_,29.12µm
_1068_,28.72µm
full,28.68µm
_1162_,28.54µm
_1621_,28.54µm
_1638_,28.52µm
net73,28.52µm
_1940_,28.48µm
net29,28.46µm
_1879_,28.44µm
_1775_,28.2µm
_0627_,28.11µm
_1761_,28.04µm
ready_check\[14\],27.985µm
_1946_,27.96µm
_1803_,27.9µm
_2025_,27.9µm
value0[30],27.58µm
_1640_,27.5µm
_1810_,27.44µm
net146,27.44µm
array\[6\]\[20\],27.4µm
value0[4],27.29µm
value1[30],27.2µm
_0594_,26.98µm
_2035_,26.98µm
value2[23],26.87µm
array\[7\]\[23\],26.705µm
_1458_,26.68µm
array\[15\]\[4\],26.66µm
out[24],26.59µm
head\[0\],26.52µm
_0788_,26.19µm
_0935_,25.88µm
array\[15\]\[23\],25.78µm
value2[15],25.55µm
_1943_,25.52µm
_1914_,25.375µm
_1657_,25.12µm
head\[2\],25.12µm
net93,24.9µm
value1[4],24.87µm
_1376_,24.8µm
_1939_,24.64µm
_1783_,24.62µm
_1138_,24.26µm
array\[13\]\[10\],24.24µm
_0507_,24.085µm
array\[15\]\[10\],24.045µm
_1613_,23.895µm
_1707_,23.89µm
_0615_,23.86µm
_0856_,23.84µm
_1737_,23.84µm
_1024_,23.7µm
_1059_,23.68µm
out[15],23.67µm
_2039_,23.595µm
_0602_,23.54µm
array\[0\]\[0\],23.54µm
_1184_,23.52µm
net121,23.5µm
array\[15\]\[21\],23.485µm
_1755_,23.44µm
_2033_,23.42µm
_0395_,23.38µm
_1917_,23.36µm
_2012_,23.3µm
_0273_,23.225µm
net977,23.14µm
array\[15\]\[22\],23.12µm
net1195,23.12µm
array\[8\]\[9\],23.06µm
_1701_,22.92µm
_1581_,22.68µm
net824,22.66µm
_1310_,22.64µm
array\[15\]\[25\],22.565µm
_1988_,22.52µm
ready_check\[15\],22.42µm
value2[25],22.31µm
array\[5\]\[17\],22.3µm
_1367_,22.16µm
array\[10\]\[27\],22.16µm
_0511_,22.14µm
_0346_,22.12µm
_2104_,22.1µm
_0543_,22.085µm
_1840_,22.02µm
_1961_,21.92µm
_0409_,21.845µm
_1963_,21.78µm
array\[13\]\[24\],21.76µm
value0[26],21.68µm
_1876_,21.66µm
_1817_,21.6µm
array\[13\]\[4\],21.46µm
array\[6\]\[18\],21.46µm
net136,21.38µm
array\[13\]\[23\],21.34µm
value0[15],21.21µm
_1911_,21.16µm
_0784_,21.14µm
array\[6\]\[0\],21.08µm
_1858_,20.92µm
array\[0\]\[30\],20.88µm
value2[12],20.76µm
_0786_,20.6µm
array\[12\]\[23\],20.56µm
net82,20.56µm
_0590_,20.46µm
_0714_,20.46µm
_1500_,20.44µm
value0[25],20.43µm
array\[2\]\[0\],20.42µm
_1178_,20.4µm
_1509_,20.4µm
_1930_,20.38µm
array\[2\]\[6\],20.38µm
array\[7\]\[6\],20.38µm
_1147_,20.34µm
_0857_,20.32µm
value1[25],20.31µm
_1869_,20.28µm
value1[12],20.22µm
_0342_,20.165µm
_1809_,20.16µm
net1277,20.16µm
_1719_,20.04µm
array\[3\]\[24\],20.02µm
_1956_,20µm
_1977_,19.98µm
_1601_,19.96µm
value0[12],19.92µm
_1980_,19.9µm
value2[17],19.84µm
_0708_,19.82µm
_1437_,19.8µm
array\[10\]\[25\],19.8µm
_1066_,19.7µm
_2090_,19.7µm
_1137_,19.69µm
_0658_,19.64µm
_0731_,19.58µm
array\[5\]\[8\],19.54µm
array\[6\]\[2\],19.44µm
_1328_,19.4µm
_1678_,19.4µm
_2127_,19.37µm
array\[14\]\[23\],19.36µm
_1968_,19.3µm
_1258_,19.28µm
array\[6\]\[17\],19.28µm
_0360_,19.26µm
_2021_,19.26µm
_0625_,19.2µm
array\[6\]\[9\],19.19µm
_1330_,19.16µm
_1224_,19.155µm
_0763_,19.08µm
_2135_,19.04µm
array\[0\]\[5\],19.02µm
value1[17],18.92µm
out[4],18.91µm
_0733_,18.9µm
_1730_,18.84µm
array\[15\]\[28\],18.835µm
_1013_,18.82µm
value0[8],18.79µm
_0593_,18.78µm
array\[15\]\[3\],18.745µm
_0163_,18.725µm
_1644_,18.68µm
_1159_,18.58µm
_1139_,18.54µm
_1754_,18.48µm
array\[15\]\[15\],18.425µm
_1541_,18.4µm
_1909_,18.4µm
_0091_,18.38µm
_2044_,18.38µm
_0465_,18.285µm
value2[16],18.22µm
_0933_,18.18µm
_1457_,18.18µm
_2152_,18.18µm
_0831_,18.16µm
net1278,18.14µm
_1557_,18.08µm
_1767_,18.08µm
array\[7\]\[0\],18.005µm
_1026_,18µm
_1197_,17.98µm
_1897_,17.92µm
array\[1\]\[6\],17.9µm
net126,17.9µm
array\[7\]\[14\],17.865µm
_1395_,17.82µm
ready_check\[2\],17.765µm
array\[14\]\[18\],17.74µm
_1637_,17.64µm
_0618_,17.62µm
array\[15\]\[2\],17.62µm
_0751_,17.56µm
_0853_,17.56µm
_1863_,17.5µm
_1112_,17.48µm
net788,17.4µm
array\[4\]\[28\],17.36µm
_1842_,17.355µm
net1312,17.34µm
array\[2\]\[25\],17.32µm
array\[10\]\[16\],17.28µm
_1030_,17.26µm
_1568_,17.26µm
_1860_,17.26µm
net122,17.24µm
_0907_,17.22µm
_2017_,17.21µm
_1387_,17.18µm
_1490_,17.18µm
_0003_,17.16µm
_0732_,17.16µm
out[10],17.13µm
_1552_,17.12µm
array\[0\]\[24\],17.12µm
_1729_,17.1µm
net147,17.1µm
_0942_,17.08µm
array\[14\]\[22\],17.08µm
array\[15\]\[8\],17.065µm
_0452_,17.045µm
_0157_,17.025µm
_0314_,17.025µm
_2015_,17.02µm
_0349_,17µm
_1880_,17µm
_1987_,17µm
value2[26],17µm
_0591_,16.94µm
array\[13\]\[8\],16.94µm
array\[0\]\[18\],16.9µm
net116,16.9µm
net1173,16.9µm
array\[1\]\[22\],16.87µm
array\[12\]\[4\],16.86µm
array\[7\]\[25\],16.845µm
_0833_,16.84µm
net1189,16.84µm
array\[1\]\[15\],16.82µm
array\[4\]\[16\],16.795µm
_1535_,16.72µm
_1953_,16.68µm
_2070_,16.68µm
_1954_,16.64µm
array\[14\]\[13\],16.64µm
ready_check\[6\],16.635µm
_0499_,16.605µm
_2020_,16.6µm
array\[3\]\[19\],16.6µm
array\[5\]\[2\],16.56µm
out[26],16.52µm
_2069_,16.5µm
ready_check\[1\],16.48µm
_2040_,16.46µm
array\[2\]\[21\],16.44µm
_1766_,16.33µm
array\[15\]\[18\],16.325µm
_2030_,16.32µm
_0090_,16.305µm
_1389_,16.3µm
_1485_,16.3µm
_1947_,16.3µm
_0136_,16.275µm
_1498_,16.26µm
_1925_,16.26µm
array\[15\]\[6\],16.26µm
_0922_,16.24µm
array\[0\]\[10\],16.24µm
_1276_,16.22µm
_0205_,16.205µm
_1032_,16.2µm
_0234_,16.185µm
_1698_,16.18µm
_1714_,16.16µm
_0333_,16.125µm
array\[8\]\[27\],16.12µm
array\[7\]\[7\],16.115µm
_1306_,16.1µm
array\[12\]\[21\],16.06µm
out[11],16.06µm
out[18],16.06µm
_1529_,16.04µm
_0781_,16.02µm
array\[13\]\[28\],16.02µm
array\[1\]\[24\],16µm
array\[13\]\[19\],15.98µm
_2027_,15.96µm
array\[15\]\[29\],15.945µm
_1129_,15.94µm
_1179_,15.92µm
net132,15.9µm
net18,15.88µm
_0601_,15.86µm
_0821_,15.86µm
_1118_,15.84µm
_1318_,15.84µm
array\[9\]\[22\],15.82µm
_1881_,15.8µm
array\[3\]\[13\],15.8µm
_1843_,15.78µm
_1665_,15.76µm
_0630_,15.74µm
_1390_,15.74µm
net123,15.74µm
_1141_,15.72µm
array\[1\]\[10\],15.72µm
_1597_,15.705µm
net1260,15.7µm
_1562_,15.68µm
_0573_,15.665µm
_1333_,15.66µm
_0411_,15.645µm
array\[11\]\[21\],15.64µm
_0707_,15.6µm
_1003_,15.6µm
_1794_,15.6µm
value1[24],15.59µm
_1418_,15.56µm
array\[5\]\[16\],15.56µm
_0321_,15.555µm
_0519_,15.545µm
array\[15\]\[9\],15.54µm
_0275_,15.525µm
array\[12\]\[28\],15.52µm
_1966_,15.5µm
array\[1\]\[29\],15.42µm
array\[13\]\[26\],15.4µm
_1080_,15.38µm
array\[12\]\[5\],15.36µm
_1517_,15.34µm
_1889_,15.34µm
_1942_,15.34µm
_2034_,15.34µm
_0829_,15.32µm
_1688_,15.32µm
array\[5\]\[1\],15.32µm
value0[17],15.32µm
net881,15.32µm
array\[2\]\[8\],15.31µm
array\[0\]\[2\],15.3µm
array\[5\]\[5\],15.3µm
_1696_,15.26µm
_2073_,15.26µm
_0634_,15.22µm
net1038,15.22µm
array\[15\]\[11\],15.2µm
_1915_,15.16µm
_0704_,15.12µm
net1302,15.12µm
_1214_,15.08µm
_1393_,15.04µm
_0160_,15.025µm
array\[13\]\[11\],15.02µm
array\[4\]\[15\],15.02µm
array\[5\]\[13\],15.02µm
_1670_,14.98µm
_1913_,14.96µm
_2093_,14.96µm
array\[4\]\[26\],14.94µm
_1924_,14.92µm
_1779_,14.9µm
_1725_,14.88µm
_1878_,14.88µm
_2094_,14.88µm
array\[3\]\[31\],14.865µm
array\[15\]\[24\],14.86µm
array\[3\]\[14\],14.86µm
_2026_,14.84µm
array\[4\]\[2\],14.84µm
_1388_,14.82µm
_1478_,14.8µm
_2095_,14.8µm
array\[4\]\[20\],14.8µm
array\[15\]\[26\],14.785µm
_1265_,14.78µm
value0[18],14.78µm
value1[16],14.78µm
_0322_,14.765µm
_0620_,14.74µm
_1189_,14.72µm
_2102_,14.72µm
array\[4\]\[3\],14.72µm
array\[5\]\[21\],14.72µm
_1833_,14.7µm
_0508_,14.685µm
array\[4\]\[4\],14.68µm
array\[10\]\[17\],14.64µm
net1232,14.64µm
_0293_,14.625µm
array\[15\]\[19\],14.605µm
_1284_,14.6µm
_2085_,14.58µm
net813,14.58µm
array\[0\]\[4\],14.56µm
array\[13\]\[3\],14.56µm
_1455_,14.54µm
_1944_,14.54µm
_1949_,14.54µm
array\[0\]\[11\],14.5µm
array\[9\]\[3\],14.48µm
array\[9\]\[30\],14.46µm
_0687_,14.44µm
_1358_,14.44µm
_1898_,14.42µm
_1756_,14.4µm
_1777_,14.4µm
_1951_,14.4µm
array\[12\]\[13\],14.4µm
_1145_,14.39µm
array\[2\]\[20\],14.38µm
array\[13\]\[31\],14.34µm
array\[14\]\[4\],14.34µm
_0747_,14.32µm
array\[11\]\[28\],14.32µm
value0[16],14.32µm
_1456_,14.3µm
_1610_,14.3µm
array\[6\]\[6\],14.3µm
_1429_,14.26µm
array\[5\]\[15\],14.26µm
array\[8\]\[17\],14.26µm
_0823_,14.24µm
_1904_,14.24µm
_2010_,14.17µm
_0309_,14.165µm
_0145_,14.145µm
_0493_,14.135µm
array\[15\]\[16\],14.105µm
net1251,14.08µm
_0045_,14.055µm
_1329_,14.04µm
_1708_,14.04µm
ready_check\[11\],14.04µm
array\[5\]\[23\],14.02µm
_0597_,14µm
_0753_,14µm
_1675_,14µm
_2074_,14µm
array\[13\]\[12\],14µm
_0769_,13.98µm
net999,13.98µm
_0129_,13.965µm
_1838_,13.96µm
_1982_,13.96µm
_1043_,13.94µm
array\[0\]\[29\],13.94µm
net149,13.94µm
_0460_,13.925µm
_1532_,13.92µm
_1280_,13.88µm
_1257_,13.86µm
_1451_,13.86µm
_1787_,13.86µm
array\[13\]\[14\],13.86µm
array\[15\]\[7\],13.86µm
_0150_,13.855µm
array\[9\]\[10\],13.85µm
value0[2],13.85µm
_0723_,13.84µm
_0836_,13.84µm
value1[15],13.81µm
_2003_,13.8µm
array\[12\]\[30\],13.8µm
array\[8\]\[13\],13.8µm
_0076_,13.785µm
_0060_,13.755µm
_0281_,13.745µm
_0089_,13.74µm
_1158_,13.74µm
_0080_,13.725µm
array\[11\]\[18\],13.725µm
net3,13.725µm
_1262_,13.72µm
array\[14\]\[17\],13.72µm
_1985_,13.715µm
net144,13.71µm
out[23],13.69µm
out[31],13.69µm
_1648_,13.68µm
_1051_,13.66µm
net1131,13.66µm
array\[7\]\[2\],13.635µm
_0253_,13.625µm
array\[7\]\[19\],13.625µm
_1978_,13.62µm
array\[12\]\[8\],13.62µm
net947,13.62µm
_0251_,13.605µm
_0550_,13.585µm
array\[11\]\[29\],13.565µm
_1752_,13.54µm
_1209_,13.52µm
_0682_,13.5µm
_1815_,13.5µm
_1828_,13.5µm
_2156_,13.5µm
_0662_,13.48µm
array\[0\]\[25\],13.48µm
_0719_,13.46µm
_2052_,13.46µm
array\[8\]\[7\],13.46µm
_2140_,13.42µm
array\[0\]\[13\],13.42µm
array\[1\]\[28\],13.42µm
_1694_,13.4µm
_1502_,13.38µm
array\[2\]\[16\],13.38µm
array\[4\]\[17\],13.38µm
_0796_,13.36µm
_1760_,13.36µm
_0766_,13.34µm
_0847_,13.34µm
array\[0\]\[21\],13.34µm
array\[8\]\[4\],13.34µm
_1187_,13.3µm
out[3],13.3µm
_0442_,13.285µm
_0592_,13.26µm
_0990_,13.26µm
_1895_,13.26µm
array\[1\]\[4\],13.26µm
array\[4\]\[31\],13.26µm
out[17],13.26µm
array\[5\]\[30\],13.24µm
array\[12\]\[22\],13.22µm
_0161_,13.205µm
_2029_,13.2µm
_0711_,13.19µm
array\[3\]\[28\],13.185µm
array\[5\]\[7\],13.18µm
_1144_,13.16µm
_0629_,13.14µm
array\[15\]\[17\],13.135µm
_0919_,13.12µm
array\[15\]\[30\],13.11µm
_0479_,13.105µm
array\[3\]\[15\],13.105µm
array\[11\]\[15\],13.095µm
_0536_,13.085µm
_1508_,13.08µm
_1524_,13.08µm
_1718_,13.08µm
_1841_,13.08µm
_2041_,13.08µm
_2087_,13.08µm
net135,13.08µm
_1230_,13.06µm
array\[12\]\[12\],13.06µm
_0404_,13.045µm
_0650_,13.04µm
_1045_,13.04µm
_1116_,13.04µm
_1586_,13.04µm
_1674_,13.04µm
_1903_,13.04µm
_2065_,13.04µm
_2098_,13.04µm
net879,13.04µm
_0668_,13.02µm
_1986_,13.02µm
_0072_,13.005µm
_1343_,13µm
_2115_,13µm
array\[9\]\[21\],13µm
_2137_,12.98µm
array\[10\]\[26\],12.98µm
_0263_,12.965µm
_0296_,12.965µm
_0610_,12.96µm
_1553_,12.96µm
array\[6\]\[14\],12.96µm
net897,12.96µm
_1015_,12.94µm
_1995_,12.94µm
_2014_,12.94µm
value1[18],12.94µm
_1298_,12.92µm
array\[2\]\[3\],12.92µm
array\[9\]\[11\],12.92µm
array\[2\]\[12\],12.9µm
_0283_,12.865µm
_0289_,12.865µm
_1548_,12.86µm
_1360_,12.84µm
array\[0\]\[23\],12.84µm
_0525_,12.825µm
_0785_,12.805µm
array\[7\]\[20\],12.805µm
_0894_,12.8µm
array\[0\]\[31\],12.8µm
array\[10\]\[20\],12.8µm
array\[8\]\[8\],12.8µm
_1110_,12.78µm
net1250,12.78µm
array\[7\]\[10\],12.775µm
_0585_,12.76µm
_0042_,12.745µm
_1195_,12.74µm
_2169_,12.74µm
net1238,12.74µm
array\[3\]\[4\],12.735µm
_1569_,12.72µm
_1921_,12.72µm
_1234_,12.7µm
_0330_,12.685µm
_1431_,12.68µm
_0906_,12.66µm
_1585_,12.66µm
_2036_,12.66µm
_2105_,12.66µm
array\[2\]\[22\],12.66µm
array\[5\]\[11\],12.66µm
array\[1\]\[0\],12.64µm
ready_check\[10\],12.63µm
_0092_,12.625µm
_0918_,12.62µm
_1240_,12.62µm
_1918_,12.62µm
_2083_,12.62µm
array\[15\]\[31\],12.6µm
_1645_,12.58µm
_2143_,12.58µm
_2153_,12.58µm
array\[2\]\[4\],12.58µm
net137,12.58µm
array\[12\]\[27\],12.56µm
array\[8\]\[18\],12.56µm
_1365_,12.54µm
_1523_,12.54µm
array\[14\]\[27\],12.54µm
array\[14\]\[29\],12.54µm
array\[5\]\[19\],12.54µm
array\[5\]\[20\],12.54µm
net920,12.54µm
_0487_,12.505µm
_0666_,12.5µm
_0795_,12.5µm
_1014_,12.5µm
_1094_,12.5µm
_1489_,12.5µm
_2077_,12.5µm
_1239_,12.48µm
_1776_,12.48µm
net1269,12.48µm
array\[15\]\[12\],12.475µm
_0123_,12.465µm
array\[0\]\[3\],12.46µm
array\[7\]\[18\],12.445µm
_0272_,12.425µm
array\[8\]\[21\],12.42µm
array\[8\]\[3\],12.42µm
net835,12.42µm
_1852_,12.39µm
_0646_,12.36µm
_0146_,12.345µm
array\[0\]\[20\],12.34µm
array\[3\]\[22\],12.34µm
array\[5\]\[24\],12.34µm
array\[6\]\[30\],12.34µm
out[8],12.33µm
array\[2\]\[17\],12.32µm
_1530_,12.3µm
array\[12\]\[10\],12.3µm
array\[12\]\[25\],12.3µm
array\[6\]\[15\],12.3µm
array\[6\]\[22\],12.3µm
_2128_,12.28µm
_0315_,12.265µm
_0484_,12.265µm
array\[3\]\[26\],12.265µm
_0741_,12.26µm
_1722_,12.26µm
array\[3\]\[23\],12.26µm
_1357_,12.24µm
_1544_,12.24µm
_1999_,12.24µm
_0267_,12.225µm
_0094_,12.205µm
_1551_,12.18µm
_1882_,12.18µm
_1964_,12.18µm
net138,12.18µm
net1023,12.18µm
net1293,12.18µm
net1299,12.18µm
_0755_,12.16µm
_0825_,12.16µm
_0877_,12.16µm
_1270_,12.16µm
_2056_,12.16µm
_0581_,12.145µm
_1872_,12.12µm
array\[5\]\[10\],12.12µm
array\[5\]\[4\],12.12µm
net1089,12.12µm
_1642_,12.1µm
array\[8\]\[31\],12.1µm
_0775_,12.08µm
_0851_,12.08µm
_2158_,12.08µm
array\[9\]\[29\],12.08µm
_0087_,12.06µm
net887,12.06µm
array\[3\]\[17\],12.055µm
array\[3\]\[18\],12.045µm
_1025_,12.04µm
_1090_,12.04µm
_1525_,12.04µm
_2080_,12.04µm
_2125_,12.04µm
net1198,12.04µm
array\[7\]\[3\],12.02µm
value0[27],12.02µm
value1[27],12.02µm
value1[5],12.02µm
value2[27],12.02µm
array\[10\]\[23\],12µm
array\[13\]\[6\],12µm
_0248_,11.995µm
_0208_,11.985µm
_1386_,11.98µm
array\[7\]\[8\],11.965µm
_1396_,11.96µm
_0256_,11.945µm
array\[13\]\[27\],11.92µm
out[12],11.92µm
_0021_,11.885µm
array\[13\]\[18\],11.88µm
_0526_,11.845µm
array\[14\]\[14\],11.84µm
array\[5\]\[18\],11.84µm
array\[7\]\[17\],11.84µm
net117,11.84µm
_1929_,11.82µm
array\[0\]\[9\],11.8µm
array\[4\]\[23\],11.8µm
_1021_,11.78µm
_1207_,11.78µm
array\[12\]\[26\],11.78µm
array\[14\]\[12\],11.78µm
net1162,11.78µm
_2042_,11.76µm
array\[12\]\[9\],11.76µm
_0084_,11.745µm
_0304_,11.745µm
_0528_,11.745µm
_0777_,11.72µm
_1249_,11.72µm
array\[11\]\[13\],11.72µm
net1025,11.72µm
array\[15\]\[14\],11.715µm
_0849_,11.7µm
_1048_,11.7µm
_1720_,11.7µm
net1310,11.7µm
_0181_,11.665µm
_0505_,11.665µm
_1007_,11.66µm
_1850_,11.66µm
array\[10\]\[29\],11.66µm
array\[14\]\[19\],11.66µm
_0835_,11.64µm
_1727_,11.64µm
_2088_,11.64µm
_2162_,11.64µm
array\[7\]\[13\],11.635µm
array\[14\]\[31\],11.62µm
_1421_,11.6µm
array\[3\]\[11\],11.585µm
_0699_,11.58µm
_1005_,11.58µm
_1344_,11.58µm
_1495_,11.58µm
_1496_,11.58µm
_1990_,11.58µm
array\[2\]\[7\],11.58µm
_1233_,11.56µm
_0371_,11.545µm
array\[12\]\[2\],11.54µm
array\[4\]\[25\],11.54µm
_1989_,11.5µm
array\[0\]\[1\],11.5µm
array\[12\]\[3\],11.49µm
_1155_,11.48µm
_1750_,11.48µm
_2150_,11.46µm
array\[0\]\[19\],11.46µm
_0369_,11.42µm
_0952_,11.42µm
array\[10\]\[5\],11.42µm
array\[3\]\[30\],11.415µm
_0538_,11.405µm
array\[14\]\[8\],11.4µm
array\[6\]\[11\],11.38µm
array\[6\]\[12\],11.38µm
array\[6\]\[16\],11.38µm
array\[7\]\[27\],11.38µm
array\[9\]\[16\],11.38µm
net152,11.38µm
array\[8\]\[23\],11.37µm
array\[11\]\[30\],11.36µm
net1306,11.36µm
_1519_,11.34µm
_2076_,11.34µm
array\[0\]\[14\],11.34µm
_0486_,11.335µm
_0925_,11.32µm
array\[4\]\[11\],11.32µm
array\[4\]\[13\],11.32µm
array\[10\]\[4\],11.3µm
array\[13\]\[2\],11.3µm
_0432_,11.295µm
array\[3\]\[2\],11.295µm
ready_check\[9\],11.28µm
_0355_,11.265µm
_0694_,11.26µm
_1845_,11.26µm
_0156_,11.245µm
_0433_,11.245µm
_1040_,11.24µm
_1948_,11.24µm
net1266,11.24µm
_1805_,11.21µm
_0739_,11.2µm
_1124_,11.2µm
_1692_,11.2µm
_1757_,11.2µm
_1740_,11.18µm
array\[6\]\[8\],11.18µm
_0639_,11.16µm
array\[10\]\[10\],11.16µm
array\[14\]\[16\],11.16µm
array\[2\]\[28\],11.16µm
net1235,11.16µm
_1164_,11.14µm
_1063_,11.12µm
_1793_,11.12µm
net1199,11.12µm
_0529_,11.105µm
value0[11],11.1µm
value0[5],11.1µm
value1[11],11.1µm
value2[11],11.1µm
value2[18],11.1µm
value2[5],11.1µm
_0096_,11.085µm
_1695_,11.08µm
_1974_,11.08µm
array\[5\]\[9\],11.08µm
net1217,11.08µm
_0312_,11.065µm
_0399_,11.065µm
_1380_,11.04µm
array\[0\]\[12\],11.04µm
array\[1\]\[13\],11.04µm
_1172_,11.02µm
_0427_,11.005µm
out[16],11µm
out[27],11µm
out[30],11µm
array\[11\]\[19\],10.985µm
array\[13\]\[5\],10.98µm
_1382_,10.96µm
array\[8\]\[16\],10.96µm
_0544_,10.925µm
array\[7\]\[24\],10.925µm
_0653_,10.92µm
ready_check\[5\],10.92µm
net1169,10.92µm
_0954_,10.9µm
_1702_,10.9µm
_1288_,10.88µm
array\[8\]\[19\],10.86µm
array\[9\]\[17\],10.86µm
net1265,10.86µm
_0401_,10.845µm
_1676_,10.84µm
_0599_,10.82µm
_0980_,10.82µm
net140,10.82µm
net151,10.82µm
net794,10.82µm
net1018,10.82µm
net1112,10.82µm
_1893_,10.805µm
_1050_,10.8µm
_1487_,10.8µm
_0286_,10.795µm
_0099_,10.785µm
_0793_,10.78µm
_0801_,10.78µm
_1679_,10.78µm
_1801_,10.78µm
_1886_,10.78µm
_1894_,10.78µm
_1932_,10.78µm
_2118_,10.78µm
_2120_,10.78µm
array\[0\]\[16\],10.78µm
net956,10.78µm
net1147,10.78µm
_0727_,10.74µm
_0875_,10.74µm
_0987_,10.74µm
_1157_,10.74µm
_1459_,10.74µm
_1661_,10.74µm
array\[10\]\[7\],10.74µm
_0073_,10.705µm
array\[5\]\[26\],10.7µm
_0730_,10.68µm
array\[11\]\[8\],10.68µm
_0916_,10.66µm
_1134_,10.66µm
_1177_,10.66µm
_1190_,10.66µm
_1202_,10.66µm
_1346_,10.66µm
_1697_,10.66µm
_2091_,10.66µm
_2157_,10.66µm
net960,10.66µm
net1026,10.66µm
out[14],10.65µm
array\[7\]\[28\],10.645µm
_0893_,10.64µm
array\[13\]\[25\],10.64µm
array\[8\]\[1\],10.63µm
_0740_,10.62µm
_1121_,10.62µm
_1620_,10.6µm
value2[8],10.59µm
_0900_,10.58µm
_1604_,10.58µm
array\[5\]\[14\],10.58µm
array\[8\]\[5\],10.58µm
_0280_,10.565µm
_0435_,10.565µm
_1658_,10.56µm
_1821_,10.56µm
net125,10.54µm
net1288,10.54µm
_0516_,10.505µm
_1181_,10.5µm
array\[10\]\[18\],10.5µm
array\[5\]\[31\],10.5µm
array\[9\]\[8\],10.5µm
net124,10.5µm
_0206_,10.495µm
_0443_,10.485µm
array\[3\]\[21\],10.48µm
array\[14\]\[6\],10.46µm
net795,10.46µm
net1281,10.46µm
_0768_,10.44µm
_1608_,10.44µm
array\[9\]\[2\],10.44µm
ready_check\[12\],10.43µm
_0420_,10.425µm
array\[6\]\[23\],10.42µm
_0765_,10.4µm
_0809_,10.4µm
_1106_,10.4µm
_1114_,10.4µm
_1735_,10.4µm
net1115,10.4µm
value1[14],10.39µm
_0277_,10.375µm
_0476_,10.365µm
_0982_,10.36µm
_1217_,10.36µm
_1303_,10.36µm
array\[0\]\[6\],10.36µm
array\[1\]\[23\],10.36µm
array\[15\]\[1\],10.345µm
_0876_,10.34µm
_1394_,10.34µm
_0482_,10.325µm
_1278_,10.32µm
_1314_,10.32µm
_2096_,10.32µm
array\[5\]\[28\],10.3µm
net976,10.3µm
net1174,10.3µm
_0344_,10.285µm
_1079_,10.28µm
_1290_,10.28µm
_1631_,10.28µm
array\[10\]\[14\],10.28µm
array\[12\]\[16\],10.28µm
array\[9\]\[15\],10.28µm
array\[4\]\[12\],10.26µm
array\[4\]\[18\],10.26µm
_0193_,10.245µm
_1084_,10.24µm
_1762_,10.24µm
_1983_,10.24µm
net1253,10.24µm
_0138_,10.235µm
net1011,10.22µm
_0155_,10.205µm
array\[15\]\[27\],10.205µm
_0850_,10.2µm
_0968_,10.2µm
_1077_,10.2µm
_1342_,10.2µm
_1592_,10.2µm
array\[2\]\[24\],10.2µm
ready_check\[7\],10.18µm
_1832_,10.175µm
_0518_,10.165µm
_1449_,10.16µm
net127,10.16µm
array\[2\]\[14\],10.14µm
array\[9\]\[27\],10.14µm
_1415_,10.12µm
_0477_,10.105µm
_1896_,10.1µm
_0675_,10.08µm
array\[2\]\[27\],10.08µm
_0417_,10.065µm
_0478_,10.045µm
array\[14\]\[9\],10.04µm
array\[2\]\[13\],10.04µm
net118,10.04µm
net120,10.04µm
clknet_leaf_30_clk,10.04µm
_0219_,10.035µm
_0832_,10.02µm
net1080,10.02µm
array\[3\]\[20\],10µm
array\[4\]\[10\],10µm
net133,10µm
_0890_,9.98µm
_1213_,9.98µm
_1341_,9.98µm
_1923_,9.98µm
_1340_,9.96µm
_2110_,9.96µm
array\[10\]\[22\],9.96µm
net1214,9.96µm
_1057_,9.94µm
_1501_,9.94µm
_1934_,9.94µm
_2167_,9.94µm
array\[0\]\[15\],9.94µm
array\[2\]\[15\],9.94µm
array\[11\]\[0\],9.935µm
_1307_,9.92µm
array\[13\]\[22\],9.92µm
_0165_,9.905µm
_0320_,9.905µm
_0467_,9.905µm
_1036_,9.9µm
_1397_,9.9µm
_1545_,9.9µm
_2084_,9.9µm
net1143,9.9µm
_0323_,9.88µm
_0941_,9.88µm
_1236_,9.88µm
array\[11\]\[27\],9.88µm
_0448_,9.865µm
_0686_,9.86µm
_0701_,9.86µm
_1238_,9.86µm
_2053_,9.86µm
net1215,9.86µm
_0819_,9.84µm
_0563_,9.825µm
_0718_,9.82µm
_2136_,9.82µm
array\[4\]\[5\],9.82µm
array\[9\]\[12\],9.82µm
_0489_,9.815µm
_1186_,9.8µm
_1231_,9.78µm
_1237_,9.78µm
_1590_,9.78µm
array\[4\]\[29\],9.78µm
net859,9.78µm
_0595_,9.74µm
_0619_,9.7µm
_1295_,9.7µm
array\[12\]\[31\],9.7µm
array\[13\]\[9\],9.7µm
net935,9.7µm
_0530_,9.695µm
array\[5\]\[29\],9.68µm
_0628_,9.66µm
_1019_,9.66µm
_1244_,9.66µm
array\[12\]\[24\],9.66µm
_0978_,9.64µm
_0996_,9.64µm
control[1],9.64µm
value0[9],9.64µm
value1[1],9.64µm
value1[28],9.64µm
value1[9],9.64µm
value2[1],9.64µm
value2[28],9.64µm
array\[7\]\[26\],9.625µm
_0598_,9.62µm
_0961_,9.62µm
_1887_,9.62µm
array\[2\]\[18\],9.62µm
array\[8\]\[15\],9.62µm
array\[8\]\[22\],9.62µm
net1254,9.62µm
_0515_,9.605µm
net4,9.605µm
_0830_,9.6µm
_1353_,9.6µm
_0676_,9.58µm
array\[12\]\[29\],9.58µm
array\[1\]\[19\],9.58µm
array\[5\]\[12\],9.58µm
array\[5\]\[22\],9.58µm
_0705_,9.56µm
_1087_,9.54µm
_1102_,9.54µm
net1037,9.54µm
net1043,9.54µm
_0039_,9.535µm
_1156_,9.52µm
_1699_,9.52µm
net850,9.52µm
net995,9.52µm
net1016,9.52µm
_0302_,9.505µm
value2[4],9.49µm
_1146_,9.48µm
_1853_,9.48µm
ready_check\[3\],9.48µm
net1157,9.48µm
net1271,9.48µm
array\[8\]\[12\],9.46µm
net1191,9.46µm
_0972_,9.44µm
_1516_,9.44µm
_1683_,9.44µm
net1188,9.44µm
net1268,9.44µm
net989,9.43µm
_1037_,9.42µm
_1256_,9.42µm
_2009_,9.42µm
_0137_,9.405µm
_1452_,9.4µm
_2016_,9.4µm
net1051,9.4µm
array\[3\]\[16\],9.38µm
array\[7\]\[1\],9.38µm
array\[7\]\[5\],9.38µm
_0521_,9.365µm
_0743_,9.36µm
_1563_,9.36µm
_1574_,9.36µm
_1789_,9.36µm
_1916_,9.36µm
_2166_,9.36µm
_2171_,9.36µm
array\[2\]\[1\],9.36µm
array\[6\]\[24\],9.36µm
net1090,9.36µm
_1561_,9.34µm
array\[11\]\[23\],9.34µm
_0363_,9.335µm
_0121_,9.325µm
_0846_,9.32µm
_1216_,9.32µm
_1352_,9.32µm
_1480_,9.32µm
_1520_,9.32µm
_1521_,9.32µm
_2141_,9.32µm
array\[13\]\[20\],9.32µm
net778,9.32µm
net1000,9.32µm
_0709_,9.28µm
_1422_,9.28µm
_1885_,9.28µm
array\[3\]\[1\],9.265µm
array\[14\]\[0\],9.26µm
net777,9.26µm
array\[6\]\[29\],9.24µm
_0451_,9.225µm
_0488_,9.225µm
net963,9.22µm
array\[4\]\[7\],9.2µm
_0772_,9.18µm
_0999_,9.18µm
_0419_,9.165µm
_1401_,9.16µm
array\[2\]\[31\],9.16µm
array\[9\]\[5\],9.16µm
_0397_,9.145µm
array\[10\]\[15\],9.14µm
array\[14\]\[2\],9.14µm
array\[11\]\[3\],9.125µm
array\[3\]\[5\],9.125µm
_0966_,9.12µm
_1188_,9.1µm
_0380_,9.085µm
_0044_,9.06µm
_1232_,9.06µm
_1279_,9.06µm
_1374_,9.06µm
_1471_,9.06µm
_1758_,9.06µm
array\[1\]\[12\],9.06µm
net1122,9.06µm
net1246,9.06µm
_0534_,9.045µm
_1180_,9.04µm
array\[13\]\[16\],9.04µm
_1245_,9.02µm
net994,9.02µm
net1041,9.02µm
array\[7\]\[15\],9.005µm
array\[5\]\[0\],9µm
net134,9µm
_0806_,8.98µm
_0926_,8.98µm
_0927_,8.98µm
_1504_,8.98µm
_1829_,8.98µm
_2151_,8.98µm
array\[4\]\[14\],8.98µm
_1770_,8.96µm
array\[10\]\[31\],8.96µm
data_location[0],8.96µm
data_location[2],8.96µm
out[28],8.96µm
out[29],8.96µm
out[9],8.96µm
success,8.96µm
_0279_,8.955µm
_0026_,8.945µm
_0148_,8.945µm
_0735_,8.94µm
_1198_,8.94µm
_1905_,8.94µm
array\[1\]\[11\],8.94µm
array\[2\]\[29\],8.94µm
array\[15\]\[0\],8.92µm
array\[11\]\[6\],8.915µm
_0746_,8.9µm
_1168_,8.9µm
array\[4\]\[0\],8.9µm
_0887_,8.88µm
array\[4\]\[24\],8.88µm
_0979_,8.86µm
_1302_,8.86µm
_1494_,8.86µm
_1522_,8.86µm
_2006_,8.86µm
_2078_,8.86µm
_0250_,8.855µm
_0301_,8.855µm
_0541_,8.845µm
_1215_,8.84µm
array\[2\]\[10\],8.84µm
_0520_,8.825µm
_0752_,8.82µm
_0989_,8.82µm
_1526_,8.82µm
array\[2\]\[9\],8.82µm
_0816_,8.8µm
_0974_,8.8µm
_1584_,8.8µm
_1133_,8.78µm
array\[14\]\[21\],8.78µm
array\[6\]\[1\],8.78µm
array\[9\]\[7\],8.78µm
net119,8.78µm
net1010,8.78µm
array\[15\]\[13\],8.775µm
_0149_,8.76µm
_0527_,8.745µm
_1416_,8.74µm
array\[11\]\[10\],8.74µm
array\[9\]\[6\],8.74µm
net789,8.74µm
value0[0],8.72µm
value0[19],8.72µm
value0[1],8.72µm
value0[22],8.72µm
value0[28],8.72µm
value0[29],8.72µm
value0[7],8.72µm
value1[0],8.72µm
value1[19],8.72µm
value1[22],8.72µm
value1[29],8.72µm
value1[7],8.72µm
value2[0],8.72µm
value2[19],8.72µm
value2[22],8.72µm
value2[29],8.72µm
value2[7],8.72µm
value2[9],8.72µm
value0[24],8.71µm
_0028_,8.705µm
_1795_,8.7µm
array\[10\]\[11\],8.7µm
_0998_,8.68µm
_1160_,8.68µm
array\[4\]\[6\],8.68µm
_0661_,8.66µm
array\[4\]\[9\],8.66µm
_0054_,8.645µm
array\[14\]\[28\],8.625µm
_0871_,8.62µm
net940,8.62µm
_0100_,8.615µm
_1161_,8.6µm
_0359_,8.585µm
_1220_,8.58µm
array\[1\]\[31\],8.58µm
array\[5\]\[27\],8.58µm
_0950_,8.56µm
_1042_,8.56µm
_1193_,8.56µm
array\[1\]\[14\],8.56µm
array\[1\]\[1\],8.56µm
net129,8.56µm
array\[15\]\[20\],8.545µm
array\[3\]\[29\],8.54µm
_0063_,8.525µm
_0379_,8.525µm
_0596_,8.52µm
_0799_,8.52µm
_1185_,8.52µm
_1313_,8.52µm
_1362_,8.52µm
array\[13\]\[21\],8.52µm
net888,8.52µm
_1734_,8.5µm
_2170_,8.5µm
data_location[1],8.5µm
data_location[3],8.5µm
out[0],8.5µm
out[19],8.5µm
out[22],8.5µm
out[7],8.5µm
_0065_,8.485µm
_0178_,8.485µm
_0269_,8.485µm
_0292_,8.485µm
_0356_,8.485µm
_0368_,8.485µm
_0696_,8.48µm
_0953_,8.48µm
_1572_,8.48µm
_2005_,8.48µm
array\[4\]\[21\],8.48µm
net892,8.48µm
net1192,8.48µm
_1593_,8.46µm
_2134_,8.46µm
array\[10\]\[19\],8.46µm
value1[8],8.45µm
array\[3\]\[3\],8.445µm
_0734_,8.44µm
_1830_,8.44µm
array\[1\]\[30\],8.44µm
array\[6\]\[26\],8.44µm
net115,8.44µm
array\[11\]\[11\],8.415µm
_0382_,8.405µm
_0702_,8.4µm
_1122_,8.4µm
_1460_,8.4µm
_1570_,8.4µm
_1969_,8.4µm
_0115_,8.395µm
_0824_,8.36µm
_1266_,8.36µm
array\[6\]\[27\],8.36µm
array\[11\]\[31\],8.345µm
net1187,8.34µm
_1965_,8.33µm
_0008_,8.325µm
_0336_,8.325µm
array\[11\]\[1\],8.325µm
_1075_,8.32µm
array\[4\]\[27\],8.32µm
array\[8\]\[0\],8.32µm
array\[9\]\[24\],8.32µm
_0103_,8.305µm
net1308,8.3µm
_0983_,8.28µm
array\[12\]\[1\],8.28µm
net150,8.28µm
net1120,8.28µm
_0375_,8.265µm
_0463_,8.26µm
_0949_,8.26µm
_1892_,8.26µm
array\[12\]\[18\],8.26µm
_0575_,8.245µm
_0611_,8.24µm
_1113_,8.24µm
net776,8.24µm
net1182,8.24µm
array\[10\]\[3\],8.22µm
_0473_,8.205µm
_1097_,8.18µm
_1763_,8.18µm
_1493_,8.16µm
net1074,8.16µm
net1149,8.16µm
net1209,8.16µm
net1225,8.16µm
_0459_,8.155µm
_0066_,8.145µm
_0264_,8.145µm
_0807_,8.14µm
_1000_,8.14µm
_1359_,8.14µm
_1527_,8.14µm
_1871_,8.14µm
_1082_,8.12µm
_0421_,8.105µm
_0897_,8.1µm
_0943_,8.1µm
_1128_,8.1µm
_1378_,8.1µm
_1481_,8.1µm
_2108_,8.1µm
array\[14\]\[10\],8.1µm
array\[5\]\[3\],8.1µm
array\[6\]\[10\],8.1µm
array\[9\]\[14\],8.1µm
net1054,8.1µm
_0113_,8.085µm
_0424_,8.065µm
_0480_,8.065µm
_0498_,8.065µm
_0883_,8.06µm
_1017_,8.06µm
_1294_,8.06µm
_1405_,8.06µm
_1424_,8.06µm
_1430_,8.06µm
_1823_,8.06µm
_2066_,8.06µm
_2163_,8.06µm
_1285_,8.055µm
_1686_,8.04µm
_2072_,8.04µm
array\[1\]\[9\],8.04µm
array\[7\]\[4\],8.04µm
net876,8.04µm
_0051_,8.025µm
_0216_,8.025µm
_0347_,8.025µm
_0566_,8.025µm
_1690_,8.02µm
array\[14\]\[25\],8.02µm
net1116,8.02µm
net1127,8.02µm
_0928_,7.995µm
_0222_,7.985µm
_0389_,7.985µm
array\[15\]\[5\],7.985µm
array\[7\]\[21\],7.985µm
_1064_,7.98µm
_1104_,7.98µm
_1433_,7.98µm
_1647_,7.98µm
_1748_,7.98µm
_1937_,7.98µm
array\[10\]\[28\],7.98µm
array\[13\]\[15\],7.98µm
array\[14\]\[15\],7.98µm
array\[14\]\[1\],7.98µm
array\[14\]\[30\],7.98µm
array\[6\]\[21\],7.98µm
array\[6\]\[28\],7.98µm
array\[6\]\[5\],7.98µm
net1078,7.98µm
net1151,7.98µm
net1160,7.98µm
net1231,7.98µm
_0310_,7.975µm
_0162_,7.96µm
_2062_,7.96µm
_0558_,7.955µm
_0872_,7.94µm
_0873_,7.94µm
_0915_,7.94µm
_1248_,7.94µm
_1444_,7.94µm
_1465_,7.94µm
_1543_,7.94µm
_1710_,7.94µm
_1723_,7.94µm
_1582_,7.92µm
array\[2\]\[30\],7.9µm
array\[8\]\[28\],7.9µm
_0266_,7.865µm
array\[3\]\[8\],7.865µm
_1286_,7.86µm
_0119_,7.845µm
_0122_,7.845µm
_1175_,7.84µm
array\[9\]\[31\],7.83µm
_0334_,7.82µm
_1052_,7.82µm
net992,7.82µm
net1137,7.82µm
_0426_,7.815µm
_0481_,7.815µm
_0548_,7.805µm
_0552_,7.805µm
_0232_,7.8µm
_0412_,7.785µm
_0259_,7.765µm
_0685_,7.76µm
array\[13\]\[1\],7.76µm
array\[3\]\[0\],7.76µm
_0633_,7.74µm
array\[12\]\[17\],7.74µm
empty,7.74µm
_0813_,7.72µm
_1089_,7.72µm
_0086_,7.705µm
array\[13\]\[0\],7.69µm
value2[10],7.69µm
_0688_,7.68µm
_1109_,7.68µm
array\[14\]\[7\],7.68µm
_0352_,7.665µm
_0553_,7.665µm
array\[3\]\[9\],7.665µm
_2028_,7.66µm
_2099_,7.66µm
array\[8\]\[2\],7.66µm
array\[9\]\[28\],7.66µm
net868,7.66µm
net1070,7.66µm
_0050_,7.64µm
_1742_,7.64µm
_1765_,7.64µm
ready_check\[4\],7.64µm
net1002,7.64µm
_1292_,7.63µm
_0557_,7.625µm
_1673_,7.62µm
array\[10\]\[0\],7.62µm
ready_check\[8\],7.62µm
array\[11\]\[4\],7.615µm
_0237_,7.605µm
_0265_,7.605µm
_0298_,7.605µm
_0327_,7.605µm
_0444_,7.605µm
_0656_,7.6µm
_0721_,7.6µm
_1012_,7.6µm
_1311_,7.6µm
_1391_,7.6µm
_1566_,7.6µm
_1598_,7.6µm
_2109_,7.6µm
array\[12\]\[19\],7.58µm
array\[9\]\[13\],7.58µm
net1229,7.58µm
_0083_,7.565µm
_0287_,7.565µm
_0313_,7.565µm
_0540_,7.565µm
_1272_,7.56µm
_1316_,7.56µm
_1518_,7.56µm
_1609_,7.56µm
_1624_,7.56µm
array\[13\]\[17\],7.56µm
net801,7.56µm
net949,7.56µm
net1065,7.56µm
_0671_,7.52µm
_0726_,7.52µm
_0737_,7.52µm
_1247_,7.52µm
_1252_,7.52µm
_1448_,7.52µm
_1467_,7.52µm
_1781_,7.52µm
_2059_,7.52µm
array\[0\]\[22\],7.52µm
array\[10\]\[21\],7.52µm
array\[10\]\[2\],7.52µm
array\[13\]\[29\],7.52µm
array\[1\]\[21\],7.52µm
array\[1\]\[26\],7.52µm
array\[4\]\[1\],7.52µm
array\[8\]\[26\],7.52µm
net823,7.52µm
net955,7.52µm
_1432_,7.5µm
array\[2\]\[2\],7.5µm
_0079_,7.485µm
_1884_,7.48µm
_1962_,7.48µm
_0221_,7.46µm
_1826_,7.46µm
array\[7\]\[11\],7.46µm
_0921_,7.44µm
_1105_,7.44µm
_0574_,7.42µm
array\[8\]\[24\],7.4µm
net830,7.4µm
net1319,7.4µm
_0531_,7.385µm
_1049_,7.38µm
_1319_,7.38µm
array\[11\]\[7\],7.38µm
net786,7.38µm
net862,7.38µm
array\[7\]\[16\],7.36µm
net1128,7.36µm
_0576_,7.355µm
_1812_,7.355µm
_0152_,7.345µm
_0469_,7.345µm
_0058_,7.34µm
_0645_,7.34µm
_1666_,7.32µm
array\[0\]\[17\],7.32µm
array\[12\]\[20\],7.32µm
net858,7.32µm
net1186,7.32µm
_0049_,7.305µm
_0357_,7.305µm
_0568_,7.305µm
_0944_,7.3µm
array\[14\]\[24\],7.3µm
array\[11\]\[14\],7.285µm
array\[11\]\[26\],7.285µm
_0750_,7.26µm
_0776_,7.24µm
array\[11\]\[22\],7.24µm
net1036,7.24µm
_0901_,7.22µm
_1046_,7.22µm
_1337_,7.22µm
_1383_,7.22µm
_1399_,7.22µm
_2154_,7.22µm
_0370_,7.205µm
array\[0\]\[8\],7.2µm
array\[14\]\[3\],7.2µm
_0385_,7.185µm
_0664_,7.18µm
_0703_,7.18µm
_1136_,7.18µm
_2144_,7.18µm
array\[0\]\[26\],7.18µm
array\[0\]\[28\],7.18µm
array\[1\]\[16\],7.18µm
array\[1\]\[20\],7.18µm
array\[9\]\[9\],7.18µm
net128,7.18µm
net1121,7.18µm
net1279,7.18µm
_1998_,7.16µm
_0006_,7.145µm
_0917_,7.14µm
_1689_,7.14µm
_0988_,7.12µm
_1255_,7.12µm
_1443_,7.12µm
array\[11\]\[12\],7.12µm
_0217_,7.105µm
_0268_,7.105µm
_0447_,7.105µm
_0742_,7.1µm
_0970_,7.1µm
_1174_,7.1µm
_1411_,7.1µm
_2160_,7.1µm
array\[12\]\[15\],7.1µm
array\[1\]\[17\],7.1µm
array\[9\]\[20\],7.1µm
value2[21],7.1µm
net944,7.1µm
net1148,7.1µm
net1158,7.1µm
net1184,7.1µm
_0826_,7.08µm
_0176_,7.075µm
_0670_,7.06µm
_0820_,7.06µm
_1038_,7.06µm
_1062_,7.06µm
_1446_,7.06µm
_1583_,7.06µm
_1813_,7.06µm
_1820_,7.06µm
_1855_,7.06µm
_2024_,7.06µm
array\[10\]\[13\],7.06µm
array\[10\]\[24\],7.06µm
net863,7.06µm
_1426_,7.04µm
_1515_,7.04µm
value2[31],7.01µm
_0779_,7µm
array\[5\]\[25\],7µm
array\[11\]\[17\],6.985µm
array\[7\]\[30\],6.985µm
_0071_,6.96µm
_0211_,6.96µm
_0260_,6.96µm
_0496_,6.96µm
_1323_,6.96µm
_1627_,6.96µm
array\[2\]\[23\],6.96µm
_1011_,6.94µm
_0492_,6.925µm
_1173_,6.9µm
_0078_,6.885µm
_0125_,6.885µm
_0446_,6.885µm
_1260_,6.88µm
net1287,6.88µm
array\[3\]\[27\],6.865µm
array\[7\]\[29\],6.865µm
_0616_,6.86µm
net957,6.86µm
net1179,6.86µm
_0332_,6.845µm
_0407_,6.84µm
_0655_,6.84µm
_0748_,6.84µm
_0011_,6.825µm
_0130_,6.825µm
_0173_,6.825µm
_0233_,6.825µm
_0383_,6.825µm
array\[10\]\[1\],6.82µm
net130,6.82µm
net983,6.82µm
_0102_,6.805µm
_0390_,6.785µm
_1055_,6.78µm
net1091,6.78µm
_0403_,6.765µm
_1074_,6.76µm
_1098_,6.76µm
_1254_,6.76µm
_1409_,6.76µm
_2122_,6.76µm
net811,6.76µm
net1194,6.76µm
_2022_,6.74µm
array\[11\]\[5\],6.735µm
_0920_,6.72µm
_1167_,6.72µm
_1488_,6.72µm
_1831_,6.72µm
_2121_,6.72µm
_2168_,6.72µm
array\[0\]\[7\],6.72µm
net139,6.72µm
net1297,6.72µm
_0128_,6.705µm
_0194_,6.705µm
_0036_,6.685µm
_0524_,6.685µm
_1196_,6.66µm
_1550_,6.66µm
_1771_,6.66µm
_1785_,6.66µm
array\[6\]\[19\],6.66µm
_0392_,6.645µm
_0461_,6.645µm
_0462_,6.645µm
_0483_,6.645µm
_0542_,6.645µm
_0760_,6.64µm
_1154_,6.64µm
_1549_,6.64µm
_1800_,6.64µm
array\[1\]\[25\],6.64µm
array\[1\]\[5\],6.64µm
_0556_,6.615µm
array\[11\]\[20\],6.605µm
_0725_,6.6µm
_0761_,6.6µm
_0764_,6.6µm
_0945_,6.6µm
_0991_,6.6µm
_1546_,6.6µm
_2068_,6.6µm
array\[6\]\[7\],6.6µm
net141,6.6µm
net875,6.6µm
net1220,6.6µm
_1235_,6.58µm
_2131_,6.555µm
_0085_,6.54µm
_1169_,6.54µm
_1792_,6.54µm
array\[2\]\[19\],6.54µm
array\[2\]\[5\],6.54µm
net793,6.54µm
net895,6.54µm
net1317,6.54µm
_0074_,6.525µm
_0362_,6.525µm
array\[3\]\[10\],6.525µm
array\[3\]\[25\],6.525µm
_0792_,6.52µm
_0888_,6.52µm
array\[12\]\[0\],6.52µm
array\[6\]\[3\],6.52µm
ready_check\[0\],6.52µm
_0228_,6.5µm
net967,6.5µm
_0198_,6.485µm
_0306_,6.485µm
array\[8\]\[14\],6.48µm
array\[8\]\[29\],6.48µm
net915,6.48µm
_0300_,6.465µm
_1867_,6.46µm
value0[14],6.45µm
net1303,6.44µm
value1[31],6.43µm
_0131_,6.425µm
_0430_,6.425µm
_2086_,6.42µm
_1115_,6.4µm
_2164_,6.4µm
array\[1\]\[3\],6.4µm
array\[8\]\[20\],6.4µm
array\[9\]\[26\],6.4µm
net109,6.4µm
_0828_,6.38µm
_0938_,6.38µm
_1170_,6.38µm
_0064_,6.365µm
_0381_,6.365µm
_0571_,6.365µm
_0088_,6.355µm
_0533_,6.355µm
reset,6.31µm
value1[13],6.31µm
value2[3],6.31µm
write_location1[2],6.31µm
_0512_,6.305µm
_0328_,6.3µm
_0729_,6.3µm
_1148_,6.3µm
_1450_,6.3µm
_1580_,6.3µm
_1672_,6.3µm
_1874_,6.3µm
array\[1\]\[8\],6.3µm
net926,6.3µm
net1067,6.3µm
net1125,6.3µm
net1181,6.3µm
net1274,6.3µm
_0418_,6.285µm
array\[1\]\[27\],6.28µm
array\[4\]\[19\],6.28µm
array\[9\]\[4\],6.28µm
_0622_,6.26µm
_1315_,6.26µm
_1596_,6.26µm
_1618_,6.26µm
array\[9\]\[23\],6.26µm
net145,6.26µm
net921,6.26µm
net942,6.26µm
net1315,6.26µm
array\[11\]\[9\],6.235µm
_0105_,6.225µm
_0180_,6.225µm
_0494_,6.225µm
_0648_,6.2µm
_1659_,6.2µm
_2123_,6.2µm
array\[6\]\[31\],6.2µm
array\[8\]\[25\],6.2µm
_0561_,6.185µm
_0579_,6.185µm
_0810_,6.18µm
_0843_,6.18µm
_1194_,6.18µm
_1538_,6.18µm
_1684_,6.18µm
_2101_,6.18µm
array\[9\]\[19\],6.18µm
net770,6.18µm
net1019,6.18µm
net1029,6.18µm
net1100,6.18µm
net1208,6.18µm
net1241,6.18µm
_0343_,6.165µm
_0899_,6.14µm
_0909_,6.14µm
_1039_,6.14µm
_1406_,6.14µm
_1680_,6.14µm
_1681_,6.14µm
_2060_,6.14µm
_2148_,6.14µm
array\[14\]\[20\],6.14µm
array\[6\]\[4\],6.14µm
net799,6.14µm
net809,6.14µm
net815,6.14µm
net890,6.14µm
net1101,6.14µm
_2149_,6.12µm
write_location0[1],6.09µm
array\[7\]\[9\],6.065µm
_0754_,6.06µm
_1559_,6.06µm
array\[10\]\[8\],6.06µm
array\[12\]\[7\],6.06µm
net907,6.06µm
net1060,6.06µm
_0523_,6.055µm
_2165_,6.055µm
_0224_,6.04µm
_0464_,6.04µm
_0773_,6.04µm
net827,6.04µm
_0203_,6.025µm
_0223_,6.025µm
_0441_,6.025µm
_0455_,6.025µm
_0517_,6.025µm
_0570_,6.025µm
array\[3\]\[12\],6.025µm
array\[8\]\[11\],6.02µm
net1104,6.02µm
_0564_,6.015µm
_0171_,5.985µm
net893,5.98µm
net1027,5.98µm
value0[20],5.97µm
value0[21],5.97µm
value1[21],5.97µm
value1[6],5.97µm
write_location2[0],5.97µm
_0095_,5.965µm
_0491_,5.965µm
_0513_,5.965µm
_0681_,5.96µm
_1959_,5.96µm
_0958_,5.94µm
array\[10\]\[30\],5.94µm
array\[12\]\[14\],5.94µm
array\[13\]\[30\],5.94µm
array\[9\]\[0\],5.94µm
array\[9\]\[25\],5.94µm
net1008,5.94µm
net1013,5.94µm
net1040,5.94µm
_0284_,5.92µm
_0758_,5.92µm
_0838_,5.92µm
_1732_,5.92µm
array\[14\]\[11\],5.92µm
_0394_,5.905µm
net1248,5.9µm
_0257_,5.895µm
_0142_,5.885µm
_0169_,5.865µm
_1361_,5.86µm
_1470_,5.86µm
net1020,5.86µm
_0797_,5.84µm
_1379_,5.84µm
_1556_,5.84µm
_2139_,5.84µm
net769,5.84µm
net832,5.84µm
net842,5.84µm
net843,5.84µm
net1064,5.84µm
net1110,5.84µm
net1185,5.84µm
_0414_,5.825µm
_0497_,5.825µm
_0757_,5.8µm
_1053_,5.8µm
_1364_,5.8µm
_1484_,5.8µm
_1492_,5.8µm
_1726_,5.8µm
_1819_,5.8µm
array\[10\]\[12\],5.8µm
array\[12\]\[11\],5.8µm
net919,5.8µm
net1168,5.8µm
net1202,5.8µm
net1211,5.8µm
net1294,5.8µm
out[25],5.77µm
_0020_,5.765µm
_0108_,5.765µm
_0140_,5.765µm
_0466_,5.765µm
_0470_,5.765µm
_0672_,5.74µm
_0817_,5.74µm
_1132_,5.74µm
_1398_,5.74µm
_2146_,5.74µm
array\[11\]\[2\],5.74µm
_0055_,5.725µm
_0141_,5.725µm
_0422_,5.725µm
array\[7\]\[31\],5.725µm
_0660_,5.72µm
_0839_,5.72µm
_0892_,5.72µm
_1425_,5.72µm
_1560_,5.72µm
_1646_,5.72µm
array\[6\]\[13\],5.72µm
net904,5.72µm
net918,5.72µm
_0043_,5.705µm
_1873_,5.705µm
_0278_,5.7µm
_0808_,5.68µm
_0841_,5.68µm
_0879_,5.68µm
_1126_,5.68µm
_1309_,5.68µm
_1338_,5.68µm
_1454_,5.68µm
_1486_,5.68µm
_1668_,5.68µm
_1669_,5.68µm
_2050_,5.68µm
net927,5.68µm
_0503_,5.675µm
value1[10],5.65µm
value0[6],5.63µm
_0325_,5.62µm
net864,5.62µm
_0098_,5.605µm
_0798_,5.6µm
_1336_,5.6µm
array\[8\]\[30\],5.6µm
net990,5.6µm
net1017,5.6µm
_1297_,5.59µm
net900,5.58µm
_1935_,5.57µm
_0490_,5.555µm
out[5],5.53µm
_0111_,5.525µm
_0449_,5.52µm
net1283,5.52µm
_0047_,5.505µm
_0454_,5.505µm
_0951_,5.5µm
net1129,5.48µm
_0840_,5.46µm
_1099_,5.46µm
_1204_,5.46µm
array\[2\]\[11\],5.46µm
net1213,5.46µm
_0117_,5.435µm
_0134_,5.435µm
_0158_,5.435µm
_0246_,5.435µm
_0348_,5.435µm
_0406_,5.435µm
_0975_,5.4µm
_1476_,5.4µm
net894,5.4µm
net936,5.4µm
net1102,5.4µm
_0680_,5.38µm
_1120_,5.38µm
_1250_,5.38µm
_1261_,5.38µm
_1473_,5.38µm
_1474_,5.38µm
_1497_,5.38µm
_1849_,5.38µm
_2061_,5.38µm
array\[1\]\[18\],5.38µm
net1062,5.38µm
_0815_,5.36µm
array\[14\]\[26\],5.36µm
array\[1\]\[7\],5.36µm
array\[7\]\[22\],5.355µm
_0405_,5.345µm
_0495_,5.345µm
_0771_,5.34µm
_1274_,5.34µm
_1392_,5.34µm
_1704_,5.34µm
_1747_,5.34µm
_1780_,5.34µm
_1862_,5.34µm
_1973_,5.34µm
net1003,5.34µm
net1014,5.34µm
net1077,5.34µm
net1249,5.34µm
net1296,5.34µm
net1313,5.34µm
_0209_,5.315µm
_0007_,5.305µm
_0022_,5.305µm
_0056_,5.305µm
_0270_,5.305µm
_0475_,5.305µm
enable_write[0],5.29µm
value0[13],5.29µm
value2[20],5.29µm
write_location0[0],5.29µm
write_location1[0],5.29µm
write_location2[1],5.29µm
_0572_,5.285µm
array\[11\]\[25\],5.285µm
_0654_,5.28µm
_1268_,5.28µm
_0034_,5.265µm
_0112_,5.265µm
_0135_,5.265µm
_0247_,5.265µm
_0291_,5.265µm
_0387_,5.265µm
_0667_,5.26µm
_0803_,5.26µm
_0924_,5.26µm
_1130_,5.26µm
_1271_,5.26µm
_1385_,5.26µm
_1768_,5.26µm
_1802_,5.26µm
_2132_,5.26µm
array\[10\]\[6\],5.26µm
array\[10\]\[9\],5.26µm
net901,5.26µm
net1170,5.26µm
net1239,5.26µm
_0878_,5.24µm
_1602_,5.24µm
net931,5.24µm
_0684_,5.22µm
_0895_,5.22µm
_1283_,5.22µm
_1304_,5.22µm
_1434_,5.22µm
_1706_,5.22µm
_1731_,5.22µm
_1764_,5.22µm
_1967_,5.22µm
array\[4\]\[22\],5.22µm
net872,5.22µm
net930,5.22µm
_0271_,5.185µm
_0577_,5.185µm
_0351_,5.16µm
net1047,5.16µm
array\[1\]\[2\],5.14µm
array\[9\]\[18\],5.14µm
net1172,5.14µm
net1223,5.14µm
_0254_,5.135µm
_1023_,5.12µm
_0416_,5.115µm
net1134,5.11µm
_0274_,5.095µm
_0506_,5.095µm
_0546_,5.095µm
_0578_,5.095µm
_0200_,5.085µm
_0361_,5.085µm
done,5.07µm
out[13],5.07µm
out[20],5.07µm
out[21],5.07µm
out[6],5.07µm
value0[10],5.07µm
_0644_,5.06µm
net774,5.06µm
net984,5.06µm
net1206,5.06µm
_0069_,5.045µm
_0110_,5.045µm
_0179_,5.045µm
_0429_,5.045µm
_0474_,5.045µm
_0555_,5.045µm
_0728_,5.04µm
_0762_,5.04µm
_1119_,5.04µm
_1839_,5.04µm
net950,5.04µm
_1041_,5.02µm
net978,5.02µm
_0669_,5µm
_0774_,5µm
_1203_,5µm
_1241_,5µm
_0242_,4.975µm
_0236_,4.965µm
value1[20],4.95µm
value1[3],4.95µm
write_location0[3],4.95µm
write_location1[3],4.95µm
_0338_,4.945µm
net923,4.94µm
net1155,4.94µm
_0600_,4.92µm
_0621_,4.92µm
_1047_,4.92µm
_1404_,4.92µm
_1576_,4.92µm
_2031_,4.92µm
_2133_,4.92µm
net807,4.92µm
net822,4.92µm
net928,4.92µm
net1057,4.92µm
net1097,4.92µm
net1133,4.92µm
_0201_,4.905µm
_1960_,4.9µm
array\[2\]\[26\],4.9µm
_0353_,4.885µm
_0698_,4.88µm
_0811_,4.88µm
_0986_,4.88µm
_1096_,4.88µm
_1176_,4.88µm
_1407_,4.88µm
_1591_,4.88µm
_1625_,4.88µm
_1902_,4.88µm
_1996_,4.88µm
array\[8\]\[6\],4.88µm
net1012,4.88µm
net1052,4.88µm
net1175,4.88µm
_1564_,4.87µm
_0238_,4.845µm
_0243_,4.845µm
_0471_,4.845µm
_0485_,4.845µm
_1035_,4.82µm
_1533_,4.82µm
_2043_,4.82µm
_2054_,4.82µm
array\[4\]\[30\],4.82µm
_0057_,4.805µm
_0329_,4.805µm
_0413_,4.805µm
_0582_,4.805µm
array\[11\]\[16\],4.805µm
_0651_,4.8µm
_0885_,4.8µm
_1107_,4.8µm
_1208_,4.8µm
_1259_,4.8µm
_1381_,4.8µm
_1558_,4.8µm
_1891_,4.8µm
_1981_,4.8µm
_1997_,4.8µm
array\[13\]\[13\],4.8µm
net780,4.8µm
net838,4.8µm
net878,4.8µm
net914,4.8µm
net929,4.8µm
net970,4.8µm
net1113,4.8µm
_0164_,4.785µm
_0358_,4.785µm
_0652_,4.78µm
_0891_,4.78µm
_0683_,4.76µm
_1537_,4.76µm
_1976_,4.76µm
_2007_,4.76µm
_2117_,4.76µm
net783,4.76µm
net833,4.76µm
_0154_,4.7µm
_0535_,4.7µm
_0976_,4.7µm
_1165_,4.7µm
_1321_,4.7µm
_1402_,4.68µm
array\[9\]\[1\],4.68µm
net800,4.68µm
net968,4.68µm
_0837_,4.66µm
_1339_,4.66µm
_1994_,4.655µm
_0030_,4.625µm
_0376_,4.625µm
control[0],4.61µm
value0[3],4.61µm
value2[13],4.61µm
write_location2[3],4.61µm
_0294_,4.605µm
_1531_,4.6µm
_1579_,4.6µm
_1626_,4.6µm
net828,4.6µm
net1261,4.6µm
_0623_,4.59µm
_0400_,4.585µm
_0410_,4.585µm
_0434_,4.585µm
_1926_,4.58µm
array\[3\]\[7\],4.565µm
array\[5\]\[6\],4.56µm
array\[6\]\[25\],4.56µm
net884,4.56µm
net910,4.56µm
net1050,4.56µm
_0647_,4.54µm
_0736_,4.54µm
_0802_,4.54µm
_0812_,4.54µm
_0981_,4.54µm
_0472_,4.525µm
_0378_,4.485µm
net1264,4.48µm
_0896_,4.46µm
_0960_,4.46µm
_1029_,4.46µm
_1412_,4.46µm
_1475_,4.46µm
_1528_,4.46µm
_1554_,4.46µm
_1656_,4.46µm
_1890_,4.46µm
_2119_,4.46µm
_2126_,4.46µm
net945,4.46µm
net986,4.46µm
net1055,4.46µm
net1075,4.46µm
net1123,4.46µm
net1126,4.46µm
net1295,4.46µm
_0562_,4.445µm
_0139_,4.425µm
_0317_,4.425µm
_0805_,4.42µm
_1018_,4.42µm
_1219_,4.42µm
_1349_,4.42µm
_1466_,4.42µm
_1577_,4.42µm
_1649_,4.42µm
_1682_,4.42µm
_1797_,4.42µm
_1798_,4.42µm
_2067_,4.42µm
net143,4.42µm
net790,4.42µm
net870,4.42µm
net898,4.42µm
net1022,4.42µm
net1138,4.42µm
net1140,4.42µm
net1201,4.42µm
net1205,4.42µm
net1284,4.42µm
net1309,4.42µm
value0[31],4.39µm
write_location0[2],4.39µm
_0147_,4.385µm
_0192_,4.385µm
_0276_,4.385µm
_0910_,4.36µm
_1020_,4.36µm
_1633_,4.36µm
net1259,4.36µm
_0713_,4.34µm
_0745_,4.34µm
_0804_,4.34µm
_0818_,4.34µm
_0995_,4.34µm
_1246_,4.34µm
_1350_,4.34µm
_1469_,4.34µm
_1540_,4.34µm
_1632_,4.34µm
_1715_,4.34µm
_1927_,4.34µm
_1938_,4.34µm
_2130_,4.34µm
array\[12\]\[6\],4.34µm
array\[4\]\[8\],4.34µm
net148,4.34µm
net865,4.34µm
net867,4.34µm
net1071,4.34µm
net1280,4.34µm
_0046_,4.315µm
_0061_,4.295µm
_0143_,4.295µm
enable_write[1],4.27µm
enable_write[2],4.27µm
value2[14],4.27µm
write_location2[2],4.27µm
_0048_,4.265µm
_0144_,4.24µm
_0226_,4.24µm
_0366_,4.24µm
_1205_,4.24µm
_1325_,4.24µm
_0657_,4.22µm
_1135_,4.22µm
_1936_,4.22µm
_1970_,4.22µm
net812,4.22µm
net1178,4.22µm
net1316,4.22µm
net1321,4.22µm
net792,4.2µm
_0052_,4.185µm
_0040_,4.165µm
_0509_,4.165µm
_0532_,4.165µm
_1223_,4.15µm
_2032_,4.14µm
net1076,4.14µm
net1150,4.14µm
net1270,4.14µm
_0202_,4.125µm
_0985_,4.12µm
_1117_,4.12µm
net798,4.12µm
net1224,4.12µm
net1290,4.12µm
_1908_,4.1µm
net1234,4.1µm
_1322_,4.095µm
_1200_,4.08µm
_0693_,4.02µm
_0822_,4.02µm
net866,4.02µm
net952,4.02µm
net1221,4.02µm
net1236,4.02µm
net1301,4.02µm
_0908_,4µm
_0984_,4µm
_1078_,4µm
_1281_,4µm
_1308_,4µm
_1377_,4µm
_1423_,4µm
_1461_,4µm
_1472_,4µm
_1622_,4µm
_1664_,4µm
_1799_,4µm
_2051_,4µm
_2155_,4µm
net814,4µm
net885,4µm
net937,4µm
net946,4µm
net988,4µm
net1035,4µm
net1061,4µm
net1108,4µm
net1136,4µm
_0408_,3.985µm
_0554_,3.985µm
array\[7\]\[12\],3.985µm
_0898_,3.98µm
_0075_,3.975µm
_0132_,3.975µm
value2[6],3.93µm
write_location1[1],3.93µm
_0188_,3.925µm
_0227_,3.925µm
_0311_,3.925µm
_1056_,3.9µm
_1477_,3.9µm
_1773_,3.9µm
_0428_,3.88µm
_0663_,3.88µm
_0689_,3.88µm
_0706_,3.88µm
_1028_,3.88µm
_1060_,3.88µm
_1083_,3.88µm
_1499_,3.88µm
_1587_,3.88µm
_1653_,3.88µm
_2075_,3.88µm
_2161_,3.88µm
net873,3.88µm
net1240,3.88µm
net1307,3.88µm
_0186_,3.805µm
_0016_,3.78µm
_0172_,3.78µm
_0199_,3.78µm
_0239_,3.78µm
_0297_,3.78µm
_0955_,3.78µm
_1199_,3.78µm
_1289_,3.78µm
_1693_,3.78µm
_1811_,3.78µm
net787,3.78µm
net826,3.78µm
net961,3.78µm
net1032,3.78µm
array\[11\]\[24\],3.765µm
array\[3\]\[6\],3.765µm
_1277_,3.76µm
_1791_,3.76µm
array\[0\]\[27\],3.76µm
net985,3.76µm
_0335_,3.705µm
_0437_,3.705µm
_0190_,3.685µm
net767,3.68µm
net896,3.68µm
net1034,3.68µm
net1081,3.68µm
net1285,3.68µm
_0067_,3.66µm
net1105,3.66µm
net1258,3.66µm
_0665_,3.64µm
net1242,3.62µm
_0567_,3.605µm
_0024_,3.585µm
_1503_,3.56µm
net834,3.56µm
net964,3.56µm
net1049,3.56µm
net1053,3.56µm
net1262,3.56µm
net1276,3.56µm
_1212_,3.55µm
_1428_,3.55µm
_0903_,3.54µm
_0956_,3.54µm
_0993_,3.54µm
_1054_,3.54µm
_1076_,3.54µm
_1384_,3.54µm
_1408_,3.54µm
_1410_,3.54µm
_1505_,3.54µm
_1575_,3.54µm
_1660_,3.54µm
_1906_,3.54µm
_1972_,3.54µm
_2106_,3.54µm
array\[13\]\[7\],3.54µm
array\[14\]\[5\],3.54µm
net819,3.54µm
net902,3.54µm
net933,3.54µm
net941,3.54µm
net1042,3.54µm
net1044,3.54µm
net1135,3.54µm
net1153,3.54µm
net1156,3.54µm
net1180,3.54µm
net1196,3.54µm
net1247,3.54µm
_0456_,3.525µm
_0545_,3.525µm
_0904_,3.52µm
_0393_,3.515µm
_0339_,3.505µm
_0340_,3.505µm
_0431_,3.505µm
_0537_,3.505µm
_0025_,3.465µm
_0053_,3.465µm
_0104_,3.465µm
_0106_,3.465µm
_0166_,3.465µm
_0167_,3.465µm
_0183_,3.465µm
_0218_,3.465µm
_0324_,3.465µm
_0365_,3.465µm
_0391_,3.465µm
_0197_,3.44µm
_0756_,3.44µm
_0934_,3.44µm
_2001_,3.44µm
_2071_,3.44µm
_0691_,3.42µm
_0770_,3.42µm
_0834_,3.42µm
_0914_,3.42µm
_0959_,3.42µm
_0965_,3.42µm
_1061_,3.42µm
_1264_,3.42µm
_1547_,3.42µm
_1615_,3.42µm
_1687_,3.42µm
_1746_,3.42µm
_1772_,3.42µm
_1984_,3.42µm
_2145_,3.42µm
array\[8\]\[10\],3.42µm
net817,3.42µm
net980,3.42µm
net1031,3.42µm
net1058,3.42µm
net1197,3.42µm
net1227,3.42µm
net1275,3.4µm
_0023_,3.345µm
_0082_,3.32µm
_0133_,3.32µm
_0153_,3.32µm
_0372_,3.32µm
_0457_,3.32µm
_0957_,3.32µm
net837,3.32µm
net860,3.32µm
_2092_,3.3µm
_0262_,3.295µm
_0318_,3.245µm
_0127_,3.225µm
net806,3.22µm
net831,3.22µm
net922,3.22µm
net1118,3.22µm
net1216,3.22µm
net1273,3.22µm
net1311,3.22µm
_0679_,3.2µm
_1844_,3.2µm
_2019_,3.2µm
_0214_,3.195µm
_1131_,3.18µm
_1166_,3.18µm
net1142,3.18µm
net1166,3.18µm
_0032_,3.175µm
_0225_,3.175µm
_0189_,3.145µm
_1628_,3.14µm
_0814_,3.1µm
_0962_,3.1µm
_0992_,3.1µm
_1085_,3.1µm
_1327_,3.1µm
_1351_,3.1µm
_1355_,3.1µm
_1363_,3.1µm
_2172_,3.1µm
net772,3.1µm
_2129_,3.095µm
_0690_,3.08µm
_0692_,3.08µm
_0923_,3.08µm
_0946_,3.08µm
_1031_,3.08µm
_1191_,3.08µm
_1229_,3.08µm
_1447_,3.08µm
_1539_,3.08µm
_1835_,3.08µm
_1859_,3.08µm
_2008_,3.08µm
_2058_,3.08µm
_2089_,3.08µm
net804,3.08µm
net891,3.08µm
net924,3.08µm
net932,3.08µm
net939,3.08µm
net953,3.08µm
net959,3.08µm
net979,3.08µm
net981,3.08µm
net1004,3.08µm
net1005,3.08µm
net1033,3.08µm
net1073,3.08µm
net1094,3.08µm
net1106,3.08µm
net1117,3.08µm
net1163,3.08µm
net1252,3.08µm
net1256,3.08µm
net1304,3.08µm
net1237,3.06µm
_0116_,3.055µm
_0423_,3.055µm
_0081_,3.045µm
_0241_,3.045µm
_0282_,3.045µm
_0308_,3.045µm
_0559_,3.045µm
_0014_,3.005µm
_0037_,3.005µm
_0182_,3.005µm
_0220_,3.005µm
_0230_,3.005µm
_0285_,3.005µm
_0350_,3.005µm
_0386_,3.005µm
_0415_,3.005µm
_0062_,2.98µm
_0212_,2.98µm
_0738_,2.98µm
_0790_,2.98µm
_0844_,2.98µm
_1081_,2.98µm
_1093_,2.98µm
_1565_,2.98µm
_0612_,2.96µm
_0678_,2.96µm
_0722_,2.96µm
_0845_,2.96µm
_0870_,2.96µm
_0884_,2.96µm
_0889_,2.96µm
_0929_,2.96µm
_1033_,2.96µm
_1044_,2.96µm
_1058_,2.96µm
_1267_,2.96µm
_1453_,2.96µm
_1506_,2.96µm
_1700_,2.96µm
_1782_,2.96µm
_1796_,2.96µm
_1825_,2.96µm
_1952_,2.96µm
_1992_,2.96µm
_2079_,2.96µm
net779,2.96µm
net886,2.96µm
net993,2.96µm
net1048,2.96µm
net1130,2.96µm
net1300,2.96µm
_0124_,2.955µm
_0012_,2.885µm
_0290_,2.885µm
_0547_,2.885µm
_0097_,2.86µm
_0159_,2.86µm
_0170_,2.86µm
_0438_,2.86µm
_0522_,2.86µm
_0791_,2.86µm
_1171_,2.86µm
_1347_,2.86µm
net934,2.86µm
_1127_,2.84µm
_1273_,2.84µm
_1778_,2.84µm
_1868_,2.84µm
net844,2.84µm
net889,2.84µm
_0035_,2.835µm
_0185_,2.835µm
_1427_,2.835µm
_0004_,2.785µm
_0018_,2.785µm
_0041_,2.785µm
_0109_,2.785µm
_0184_,2.785µm
_0195_,2.785µm
_0207_,2.785µm
_0303_,2.785µm
_0384_,2.785µm
_0440_,2.785µm
_0500_,2.785µm
_0514_,2.785µm
_0549_,2.785µm
_0439_,2.765µm
_0717_,2.76µm
_1305_,2.76µm
_1335_,2.76µm
net784,2.76µm
net845,2.76µm
net848,2.76µm
net877,2.76µm
net987,2.76µm
net1069,2.76µm
net1072,2.76µm
net1088,2.76µm
net1092,2.76µm
net1119,2.76µm
net1161,2.76µm
net1165,2.76µm
net1177,2.76µm
net1183,2.76µm
_0720_,2.74µm
_0794_,2.74µm
_0842_,2.74µm
_1101_,2.74µm
_1206_,2.74µm
_0229_,2.715µm
_0501_,2.715µm
_0010_,2.705µm
_0210_,2.665µm
_0744_,2.64µm
_0967_,2.64µm
_0971_,2.64µm
_0973_,2.64µm
_1814_,2.64µm
net1226,2.64µm
net1305,2.64µm
_0674_,2.62µm
_0855_,2.62µm
_0911_,2.62µm
_1320_,2.62µm
_1354_,2.62µm
_1356_,2.62µm
_1403_,2.62µm
_1482_,2.62µm
_1573_,2.62µm
_1677_,2.62µm
_1870_,2.62µm
_2018_,2.62µm
net802,2.62µm
net912,2.62µm
net916,2.62µm
net917,2.62µm
net972,2.62µm
net997,2.62µm
net998,2.62µm
net1021,2.62µm
net1059,2.62µm
net1083,2.62µm
net1111,2.62µm
net1167,2.62µm
net1176,2.62µm
net1212,2.62µm
net1244,2.62µm
net1318,2.62µm
_0019_,2.595µm
_0029_,2.585µm
_0177_,2.585µm
_0373_,2.585µm
_0468_,2.585µm
_0031_,2.545µm
_0068_,2.545µm
_0240_,2.545µm
_0326_,2.545µm
_0341_,2.545µm
_0261_,2.52µm
_0364_,2.52µm
_0539_,2.52µm
_0673_,2.52µm
_0905_,2.52µm
_1016_,2.52µm
_1095_,2.52µm
_1103_,2.52µm
_1242_,2.52µm
_1243_,2.52µm
_1445_,2.52µm
_1462_,2.52µm
_1534_,2.52µm
_1571_,2.52µm
_1650_,2.52µm
_1652_,2.52µm
_1654_,2.52µm
_1662_,2.52µm
_1663_,2.52µm
_1685_,2.52µm
_1691_,2.52µm
_1703_,2.52µm
_2046_,2.52µm
_2082_,2.52µm
_2116_,2.52µm
_2147_,2.52µm
_0659_,2.5µm
_0697_,2.5µm
_0848_,2.5µm
_0852_,2.5µm
_0880_,2.5µm
_0882_,2.5µm
_0977_,2.5µm
_1269_,2.5µm
_1291_,2.5µm
_1348_,2.5µm
_1375_,2.5µm
_1414_,2.5µm
_1417_,2.5µm
_1420_,2.5µm
_1655_,2.5µm
_1851_,2.5µm
_1861_,2.5µm
_1865_,2.5µm
_1900_,2.5µm
_2124_,2.5µm
net785,2.5µm
net829,2.5µm
net913,2.5µm
net954,2.5µm
net965,2.5µm
net1164,2.5µm
net1257,2.5µm
net1289,2.5µm
_0458_,2.495µm
_0445_,2.425µm
_0114_,2.42µm
_0191_,2.42µm
_0994_,2.4µm
_1738_,2.4µm
_1975_,2.4µm
net1245,2.4µm
_1125_,2.38µm
_0033_,2.375µm
_0319_,2.375µm
_0453_,2.375µm
_0551_,2.375µm
_0009_,2.325µm
_0013_,2.325µm
_0015_,2.325µm
_0168_,2.325µm
_0215_,2.325µm
_0245_,2.325µm
_0252_,2.325µm
_0288_,2.325µm
_0402_,2.325µm
_0436_,2.325µm
_2057_,2.3µm
_2107_,2.3µm
net773,2.3µm
net782,2.3µm
net808,2.3µm
net810,2.3µm
net818,2.3µm
net820,2.3µm
net846,2.3µm
net851,2.3µm
net852,2.3µm
net856,2.3µm
net857,2.3µm
net861,2.3µm
net871,2.3µm
net880,2.3µm
net911,2.3µm
net969,2.3µm
net974,2.3µm
net982,2.3µm
net1024,2.3µm
net1068,2.3µm
net1085,2.3µm
net1086,2.3µm
net1087,2.3µm
net1103,2.3µm
net1132,2.3µm
net1152,2.3µm
net1204,2.3µm
_0677_,2.28µm
_0695_,2.28µm
_0939_,2.28µm
_0969_,2.28µm
_1749_,2.27µm
_0204_,2.255µm
_0255_,2.255µm
_0504_,2.255µm
_0038_,2.205µm
_1111_,2.18µm
_1603_,2.18µm
_1630_,2.18µm
_0649_,2.16µm
_0700_,2.16µm
_0827_,2.16µm
_0881_,2.16µm
_0913_,2.16µm
_0932_,2.16µm
_0940_,2.16µm
_0948_,2.16µm
_0964_,2.16µm
_1022_,2.16µm
_1070_,2.16µm
_1091_,2.16µm
_1201_,2.16µm
_1253_,2.16µm
_1282_,2.16µm
_1317_,2.16µm
_1326_,2.16µm
_1334_,2.16µm
_1413_,2.16µm
_1542_,2.16µm
_1614_,2.16µm
_1623_,2.16µm
_1634_,2.16µm
_1651_,2.16µm
_1667_,2.16µm
_1671_,2.16µm
_1958_,2.16µm
_2097_,2.16µm
_2142_,2.16µm
_2159_,2.16µm
net791,2.16µm
net825,2.16µm
net840,2.16µm
net874,2.16µm
net903,2.16µm
net905,2.16µm
net996,2.16µm
net1095,2.16µm
net1107,2.16µm
net1154,2.16µm
net1190,2.16µm
net1200,2.16µm
net1230,2.16µm
net1292,2.16µm
net1320,2.16µm
_0077_,2.145µm
_0093_,2.145µm
_0249_,2.145µm
_0450_,2.145µm
_0560_,2.145µm
_0565_,2.145µm
_0107_,2.125µm
_0175_,2.125µm
_0316_,2.125µm
_0345_,2.125µm
_0367_,2.125µm
_0396_,2.125µm
_0510_,2.125µm
_0027_,2.085µm
_0196_,2.085µm
_0331_,2.085µm
_0569_,2.085µm
_0231_,2.08µm
_0388_,2.08µm
_0502_,2.08µm
_0767_,2.06µm
_0874_,2.06µm
_0912_,2.06µm
_1065_,2.06µm
_1092_,2.06µm
_1100_,2.06µm
_1210_,2.06µm
_1922_,2.06µm
_0724_,2.04µm
_0749_,2.04µm
_0778_,2.04µm
_0997_,2.04µm
_1086_,2.04µm
_1088_,2.04µm
_1123_,2.04µm
_1182_,2.04µm
_1716_,2.04µm
_1736_,2.04µm
net816,2.04µm
net853,2.04µm
net925,2.04µm
net1001,2.04µm
net1063,2.04µm
net1098,2.04µm
net1146,2.04µm
net1203,2.04µm
_0070_,2.025µm
_0151_,2.025µm
_0213_,2.025µm
_1263_,1.94µm
_1275_,1.94µm
_1287_,1.94µm
_1331_,1.94µm
_1479_,1.94µm
net796,1.94µm
net849,1.94µm
net855,1.94µm
net966,1.94µm
net1139,1.94µm
_0017_,1.915µm
_0118_,1.865µm
_0120_,1.865µm
_0126_,1.865µm
_0174_,1.865µm
_0235_,1.865µm
_0299_,1.865µm
_0307_,1.865µm
_0337_,1.865µm
_0354_,1.865µm
_0377_,1.865µm
_0425_,1.865µm
_0580_,1.865µm
_0635_,1.84µm
_1027_,1.84µm
_1183_,1.84µm
_1567_,1.84µm
_1605_,1.84µm
_2138_,1.84µm
net836,1.84µm
net906,1.84µm
net951,1.84µm
net1045,1.84µm
net1046,1.84µm
net1084,1.84µm
net1109,1.84µm
net1114,1.84µm
net1159,1.84µm
net1218,1.84µm
net1291,1.84µm
_0643_,1.82µm
_0800_,1.82µm
_1436_,1.82µm
_1721_,1.82µm
net1314,1.725µm
_0947_,1.72µm
_1192_,1.72µm
_1599_,1.72µm
_0617_,1.7µm
_0902_,1.7µm
_1108_,1.7µm
_1345_,1.7µm
_1468_,1.7µm
_1483_,1.7µm
_1491_,1.7µm
_1705_,1.7µm
_1804_,1.7µm
net775,1.7µm
net797,1.7µm
net847,1.7µm
net1006,1.7µm
net1141,1.7µm
net1210,1.7µm
net1219,1.7µm
_0005_,1.685µm
_0244_,1.685µm
_0374_,1.685µm
_0398_,1.685µm
_0583_,1.685µm
_1251_,1.6µm
_1463_,1.6µm
_1629_,1.6µm
_2055_,1.6µm
_0059_,1.575µm
_0101_,1.575µm
_0295_,1.575µm
_1807_,1.55µm
_1211_,1.48µm
_2037_,1.48µm
_2038_,1.48µm
_0187_,1.405µm
_0305_,1.405µm
_0588_,1.38µm
_0886_,1.38µm
_1034_,1.38µm
_1419_,1.38µm
_1464_,1.38µm
_1536_,1.38µm
_1555_,1.38µm
_2081_,1.38µm
_2100_,1.38µm
net803,1.38µm
net805,1.38µm
net854,1.38µm
net908,1.38µm
net958,1.38µm
net971,1.38µm
net1056,1.38µm
net1099,1.38µm
net1193,1.38µm
net1282,1.38µm
_0963_,1.36µm
net1228,1.265µm
_2063_,1.14µm
_2103_,1.09µm
net839,1.02µm
net1093,1.02µm
net781,0.92µm
net869,0.92µm
net882,0.92µm
net883,0.92µm
net899,0.92µm
net909,0.92µm
net991,0.92µm
net1015,0.92µm
net1039,0.92µm
net1079,0.92µm
net1096,0.92µm
net1207,0.92µm
net1222,0.92µm
net1233,0.92µm
net1263,0.92µm
net1267,0.92µm
_1400_,0.8µm
_1312_,0.46µm
_1324_,0.46µm
net768,0.46µm
net771,0.46µm
net821,0.46µm
net841,0.46µm
net938,0.46µm
net943,0.46µm
net948,0.46µm
net962,0.46µm
net973,0.46µm
net975,0.46µm
net1007,0.46µm
net1009,0.46µm
net1028,0.46µm
net1030,0.46µm
net1066,0.46µm
net1082,0.46µm
net1124,0.46µm
net1144,0.46µm
net1145,0.46µm
net1171,0.46µm
net1243,0.46µm
net1255,0.46µm
net1272,0.46µm
net1286,0.46µm
net1298,0.46µm
